"word","sense","pos","definition","level","synonyms","verified","note","related"
"bank","financial institution","n","a business that keeps and lends money","1","financial institution","True","removed 'lender' (a subtype, not a synonym)",""
"bank","river edge","n","land along the side of a river","1","riverside|shore|embankment","True","",""
"happy","feeling joy","adj","feeling pleasure or joy","1","joyful|cheerful|delighted|pleased","True","",""
"sad","feeling sorrow","adj","feeling unhappy or sorrowful","1","unhappy|sorrowful|miserable|gloomy","True","",""
"big","large size","adj","large in size or amount","1","large|huge|enormous|massive","True","",""
"small","little size","adj","little in size or amount","1","little|tiny|minute|compact","True","",""
"fast","quick speed","adj","moving or happening quickly","1","quick|rapid|swift|speedy","True","",""
"slow","not fast","adj","moving or happening slowly","1","sluggish|unhurried|leisurely","True","",""
"good","high quality","adj","of high quality or standard","1","excellent|fine|great|superb","True","",""
"bad","poor quality","adj","of poor quality or standard","1","poor|terrible|awful|dreadful","True","",""
"hot","high temperature","adj","having a high temperature","1","boiling|scorching|sweltering","True","removed 'warm' (milder than hot)",""
"cold","low temperature","adj","having a low temperature","1","chilly|freezing|icy","True","",""
"easy","not difficult","adj","not difficult to do","1","simple|effortless|straightforward","True","",""
"hard","difficult","adj","difficult to do or deal with","1","difficult|tough|challenging|demanding","True","",""
"begin","start","v","to start doing something","1","start|commence|initiate|launch","True","",""
"end","finish","v","to stop or finish something","1","finish|conclude|terminate|complete","True","",""
"buy","purchase","v","to get something by paying money","1","purchase|acquire|obtain","True","",""
"sell","exchange for money","v","to give something for money","1","trade|vend|market","True","",""
"look","see","v","to turn your eyes toward something","1","watch|observe|glance|gaze","True","near-synonyms with nuance (watch=deliberate, glance=brief)",""
"say","speak","v","to speak words","1","speak|utter|state|mention","True","",""
"make","create","v","to create or produce something","1","create|produce|build|construct","True","",""
"help","assist","v","to make something easier for someone","1","aid|assist|support","True","",""
"problem","difficulty","n","something difficult to solve or deal with","1","issue|difficulty|obstacle|dilemma","True","'dilemma' is specific (choice between two bad options)",""
"job","work","n","paid work or a task","1","work|occupation|profession|career","True","",""
"money","currency","n","coins or notes used to buy things","1","cash|currency|funds","True","removed 'capital' (economic concept, not a synonym)",""
"house","home","n","a building where people live","1","home|residence|dwelling|abode","True","",""
"food","things to eat","n","things people eat","1","nourishment|provisions|fare","True","",""
"friend","companion","n","a person you know and like","1","companion|pal|buddy|mate","True","",""
"child","young person","n","a young person","1","kid|youngster|minor","True","",""
"city","large town","n","a large town","1","town|metropolis|urban area","True","",""
"car","vehicle","n","a road vehicle with four wheels","1","vehicle|automobile|auto","True","",""
"think","use mind","v","to use your mind to consider something","1","ponder|consider|reflect|contemplate","True","",""
"want","desire","v","to wish for something","1","desire|wish|crave|long for","True","",""
"like","enjoy","v","to find something enjoyable","1","enjoy|appreciate|fancy","True","",""
"love","strong affection","v","to have deep affection for","1","adore|cherish|treasure","True","",""
"give","provide","v","to hand something to someone","1","provide|supply|grant|offer","True","",""
"take","seize","v","to get or carry something away","1","grab|seize|grasp|capture","True","",""
"get","obtain","v","to come to have something","1","obtain|acquire|gain","True","removed 'receive' (not a synonym of 'get' in this sense)",""
"find","discover","v","to discover something","1","discover|locate|encounter|come across","True","",""
"leave","depart","v","to go away from a place","1","depart|exit|go away|withdraw","True","",""
"arrive","reach","v","to reach a place","1","reach|get to|come|land","True","",""
"learn","gain knowledge","v","to gain knowledge or skill","1","study|master|absorb","True","",""
"teach","instruct","v","to give someone knowledge","1","instruct|educate|train|tutor","True","",""
"know","be aware","v","to be aware of something","1","understand|comprehend|grasp","True","'understand' implies deeper comprehension than 'know'",""
"remember","recall","v","to bring back into your mind","1","recall|recollect|retain","True","",""
"light","illumination","n","the energy that lets you see","1","illumination|brightness|glow","True","",""
"light","not heavy","adj","weighing little","1","lightweight|feathery|airy","True","",""
"run","move quickly","v","to move faster than walking","1","sprint|dash|jog","True","",""
"real","genuine","adj","actually existing","1","actual|genuine|true|authentic","True","",""
"light","to ignite","v","to make something start burning","2","ignite|kindle","True","",""
"run","to operate","v","to manage or control something","2","operate|manage|administer","True","",""
"important","having value","adj","having great value or influence","2","significant|crucial|essential|vital","True","'crucial/essential/vital' imply necessity, stronger than 'important'",""
"improve","make better","v","to make something better","2","enhance|boost|refine|upgrade","True","",""
"strange","unusual","adj","different from what is normal","2","odd|unusual|peculiar|bizarre","True","",""
"angry","feeling annoyance","adj","feeling strong displeasure","2","furious|irate|annoyed|irritated","True","intensity gradient: furious(very) -> irritated(mild)",""
"beautiful","visually pleasing","adj","very pleasing to look at","2","lovely|gorgeous|stunning|attractive","True","",""
"clever","intelligent","adj","quick to understand and learn","2","smart|intelligent|bright|sharp","True","",""
"dangerous","unsafe","adj","likely to cause harm","2","hazardous|risky|perilous|unsafe","True","",""
"quiet","little noise","adj","making little or no noise","2","silent|still|hushed|calm","True","",""
"loud","much noise","adj","making a lot of noise","2","noisy|deafening|booming","True","",""
"brave","courageous","adj","showing courage","2","courageous|bold|fearless|daring","True","",""
"weak","not strong","adj","lacking physical strength","2","feeble|frail|fragile|powerless","True","",""
"strong","having power","adj","having great physical power","2","powerful|mighty|robust|sturdy","True","",""
"rich","having much money","adj","having a lot of money","2","wealthy|affluent|well-off|prosperous","True","",""
"poor","having little money","adj","having very little money","2","needy|impoverished|destitute","True","",""
"cheap","low price","adj","low in price","2","inexpensive|affordable|budget|economical","True","",""
"expensive","high price","adj","high in price","2","costly|pricey|dear|premium","True","'premium' also implies high quality",""
"empty","containing nothing","adj","containing nothing","2","vacant|blank|hollow|bare","True","",""
"full","containing a lot","adj","containing as much as possible","2","filled|packed|crowded|brimming","True","'crowded' refers to people/places",""
"old","great age","adj","having lived for a long time","2","ancient|elderly|aged|antique","True","'ancient/antique' differ (very old / objects)",""
"new","recent","adj","recently made or discovered","2","recent|fresh|modern|novel","True","",""
"explain","make clear","v","to make something easy to understand","2","clarify|illustrate|describe|expound","True","",""
"discuss","talk about","v","to talk about a topic","2","debate|deliberate|examine|consider","True","'debate/deliberate' imply formal or careful discussion",""
"protect","keep safe","v","to keep someone or something safe","2","defend|guard|shield|safeguard","True","",""
"destroy","ruin","v","to damage something completely","2","ruin|demolish|wreck|devastate","True","",""
"repair","fix","v","to fix something broken","2","fix|mend|restore|renew","True","",""
"choose","select","v","to pick one thing from others","2","select|pick|opt for|decide on","True","",""
"refuse","say no","v","to say you will not do something","2","decline|reject|turn down|rebuff","True","",""
"agree","same opinion","v","to have the same opinion","2","consent|concur|assent","True","removed 'accept' (means receive/accept, not agree)",""
"argue","disagree","v","to express a different opinion","2","dispute|quarrel|bicker|debate","True","",""
"increase","grow","v","to become or make larger","2","grow|rise|expand|escalate","True","'escalate' implies intensification, often of conflict",""
"decrease","reduce","v","to become or make smaller","2","reduce|decline|diminish|lessen","True","",""
"believe","accept as true","v","to accept something as true","2","trust|accept|credit|have faith in","True","'trust' leans toward reliance on a person",""
"decide","make a choice","v","to make a choice","2","determine|resolve|settle|conclude","True","",""
"mistake","wrong action","n","something done wrongly","2","error|blunder|slip|oversight","True","",""
"chance","opportunity","n","an opportunity to do something","2","opportunity|possibility|prospect|opening","True","",""
"result","outcome","n","what happens because of something","2","outcome|consequence|effect|product","True","",""
"reason","cause","n","the cause of something","2","cause|motive|justification|explanation","True","",""
"idea","thought","n","a thought or suggestion","2","concept|notion|thought|plan","True","",""
"famous","well known","adj","known by many people","2","renowned|celebrated|well-known|famed","True","",""
"answer","reply","n","a reply to a question","2","reply|response","True","removed 'solution'/'explanation' (content of an answer, not synonyms)",""
"question","inquiry","n","something you ask","2","inquiry|query|issue|matter","True","'issue/matter' are topics, broader than a question",""
"break","shatter","v","to separate into pieces","1","shatter|smash|crack|fracture","True","",""
"break","rest","n","a short rest","1","pause|rest|recess|breather","True","",""
"change","make different","v","to make or become different","2","alter|modify|transform|adjust","True","",""
"change","money returned","n","money given back","2","loose change|coins","True","removed 'refund' (repayment of money paid, different concept)",""
"close","shut","v","to make something shut","2","shut|seal|lock|fasten","True","",""
"close","near","adj","near in distance","2","near|nearby|adjacent|adjoining","True","",""
"mean","intend","v","to intend to say or do","2","intend|imply|signify","True","'imply'/'signify' lean toward conveying, close to this sense",""
"mean","unkind","adj","unkind or nasty","2","unkind|cruel|spiteful|nasty","True","",""
"right","correct","adj","correct or true","2","correct|accurate|proper|true","True","",""
"right","entitlement","n","a legal or moral entitlement","2","entitlement|claim|privilege","True","",""
"fine","high quality","adj","of very good quality","2","excellent|superior|first-rate","True","",""
"fine","penalty","n","money paid as a punishment","2","penalty|forfeit|sanction","True","",""
"feasible","achievable","adj","possible to do or achieve","3","possible|practicable|viable|workable","True","",""
"controversial","disputed","adj","causing disagreement or argument","3","contentious|disputed|debatable|divisive","True","",""
"elaborate","intricate","adj","very detailed and complicated","3","intricate|detailed|complex","True","",""
"elaborate","explain in detail","v","to explain in more detail","3","expand|expound|detail","True","",""
"substantial","considerable","adj","large in amount or degree","3","considerable|significant|sizeable|ample","True","",""
"infrastructure","basic systems","n","the basic systems that support a place","3","","True","no strict synonyms; associated terms moved to 'related' field","facilities|systems|networks|framework"
"influential","powerful","adj","having great effect on people or events","3","powerful|authoritative|leading|dominant","True","",""
"prominent","well-known","adj","important and easily noticed","3","notable|distinguished|eminent|outstanding","True","",""
"abundant","plentiful","adj","existing in large amounts","3","plentiful|ample|copious|profuse","True","",""
"acquire","obtain","v","to get or obtain something","3","obtain|gain|procure|secure","True","",""
"ambiguous","unclear","adj","having more than one possible meaning","3","vague|unclear|equivocal|obscure","True","",""
"apparent","obvious","adj","easy to see or understand","3","obvious|evident|clear|visible","True","",""
"beneficial","helpful","adj","producing a good result","3","helpful|advantageous|favorable|useful","True","",""
"cautious","careful","adj","careful to avoid danger","3","careful|prudent|wary|circumspect","True","",""
"coherent","logical","adj","logical and consistent","3","logical|consistent|unified|clear","True","",""
"comprehensive","complete","adj","including everything","3","complete|thorough|exhaustive|inclusive","True","",""
"concise","brief","adj","short and clear","3","brief|succinct|terse|compact","True","",""
"crucial","essential","adj","extremely important","3","critical|vital|essential|decisive","True","",""
"diminish","decrease","v","to become or make smaller","3","decrease|reduce|lessen|dwindle","True","",""
"durable","long-lasting","adj","able to last a long time","3","long-lasting|sturdy|lasting|resilient","True","",""
"evident","obvious","adj","clear and easy to see","3","obvious|apparent|plain|clear","True","",""
"facilitate","make easier","v","to make something easier","3","ease|assist|enable|expedite","True","",""
"fluctuate","vary","v","to change up and down","3","vary|waver|oscillate|shift","True","",""
"genuine","real","adj","real and not fake","3","authentic|real|true|sincere","True","",""
"hinder","obstruct","v","to make something harder","3","obstruct|impede|hamper|block","True","",""
"inevitable","unavoidable","adj","certain to happen","3","unavoidable|certain|inescapable","True","",""
"innovative","new and creative","adj","new and creative","3","inventive|original|novel|groundbreaking","True","",""
"meticulous","careful","adj","very careful and precise","3","careful|thorough|precise|painstaking","True","",""
"obscure","unclear","adj","not clear or well known","3","unclear|vague|ambiguous|murky","True","",""
"optimistic","positive","adj","expecting good things","3","hopeful|positive|upbeat|confident","True","",""
"pessimistic","negative outlook","adj","expecting bad things","3","gloomy|cynical|negative|bleak","True","",""
"profound","deep","adj","very deep or intense","3","deep|intense|insightful|meaningful","True","",""
"reluctant","unwilling","adj","unwilling to do something","3","unwilling|hesitant|loath|disinclined","True","",""
"robust","strong","adj","strong and healthy","3","strong|sturdy|resilient|solid","True","",""
"scarce","limited","adj","not enough of something","3","limited|rare|sparse|insufficient","True","",""
"significant","important","adj","important or large enough to matter","3","important|notable|considerable|major","True","",""
"temporary","not permanent","adj","lasting only for a short time","3","short-term|provisional|fleeting|transient","True","",""
"transparent","clear","adj","open and easy to see through","3","clear|open|straightforward|candid","True","",""
"vital","essential","adj","absolutely necessary","3","essential|crucial|critical|indispensable","True","",""
"withstand","resist","v","to resist or survive","3","resist|endure|bear|tolerate","True","",""
"set","group","n","a group of things","2","collection|group|series|kit","True","",""
"set","put down","v","to put something in a place","2","place|put|position|lay","True","",""
"train","vehicle","n","a vehicle on rails","1","locomotive|railcar","True","removed 'railway'/'rail' (the line/system, not the vehicle)",""
"train","teach","v","to teach a skill","2","teach|coach|instruct|drill","True","",""
"watch","look at","v","to look at something for a time","1","observe|view|monitor|survey","True","",""
"watch","timepiece","n","a device that shows the time","1","timepiece|wristwatch|chronometer","True","",""
"fair","just","adj","treating people equally","2","just|impartial|equitable|unbiased","True","",""
"fair","event","n","a public event with stalls or rides","3","carnival|festival|funfair","True","removed 'expo' (weak synonym for fair)",""
"play","game","n","an activity for fun","1","game|sport|pastime|recreation","True","",""
"play","perform music","v","to perform music or a role","2","perform|act|portray","True","",""
"heavy","great weight","adj","weighing a lot","1","weighty|massive|hefty|ponderous","True","",""
"ask","inquire","v","to say a question to someone","1","inquire|request|question","True","",""
"open","not closed","adj","not closed or covered","1","ajar|unlocked|unsealed","True","",""
"open","unfasten","v","to make something open","1","unfasten|unlock|unseal","True","",""
"talk","speak","v","to say words to someone","1","speak|converse|chat","True","",""
"walk","move on foot","v","to move on foot","1","stroll|march|stride","True","stroll/march/stride are specific ways of walking",""
"jump","leap","v","to push yourself off the ground","1","leap|spring|bound","True","",""
"sit","be seated","v","to rest your body on a seat","1","be seated|rest|perch","True","",""
"stand","be upright","v","to be on your feet","1","be upright|be on your feet","True","removed 'rise/get up' (actions that result in standing, not synonyms)",""
"sleep","rest","v","to rest with eyes closed","1","rest|slumber|doze","True","",""
"eat","consume food","v","to take in food","1","consume|dine|devour","True","",""
"drink","take liquid","v","to take liquid into the body","1","sip|gulp|swallow","True","sip/gulp/swallow are ways of drinking, not true synonyms",""
"read","look at text","v","to look at and understand written words","1","peruse|scan|skim","True","",""
"write","put words","v","to form words on a surface","1","compose|draft|record","True","",""
"listen","pay attention to sound","v","to pay attention to sound","1","attend|heed|pay attention","True","removed 'hear' (passive perception, not 'listen')",""
"hear","perceive sound","v","to perceive sound with the ears","1","perceive|catch|make out","True","",""
"smile","grin","v","to turn up the corners of the mouth","1","grin|beam|smirk","True","smirk is a smug smile (negative nuance)",""
"cry","weep","v","to shed tears","1","weep|sob|wail","True","",""
"laugh","chuckle","v","to make sounds of amusement","1","chuckle|giggle|guffaw","True","",""
"stop","cease","v","to not continue","1","cease|halt|end","True","",""
"wait","stay","v","to stay until something happens","1","stay|remain|linger","True","",""
"call","telephone","v","to contact by phone","1","phone|ring|contact","True","",""
"send","dispatch","v","to make something go somewhere","1","dispatch|transmit|mail","True","",""
"push","exert force","v","to press something away","1","shove|thrust|press","True","",""
"pull","draw","v","to move something toward you","1","draw|tug|haul","True","",""
"lift","raise","v","to move something upward","1","raise|elevate|hoist","True","",""
"drop","let fall","v","to let something fall","1","release|let fall|lower","True","",""
"hold","grasp","v","to keep something in your hand","1","grasp|grip|clutch","True","",""
"carry","transport","v","to take something with you","1","transport|convey|bear","True","",""
"put","place","v","to move something to a position","1","place|set|position","True","",""
"bring","carry to","v","to take something to a place","1","deliver|fetch|convey","True","",""
"keep","retain","v","to continue to have something","1","retain|preserve|maintain","True","",""
"lose","misplace","v","to be unable to find something","1","misplace|mislay","True","removed 'drop' (accidental fall, not a synonym of 'lose')",""
"win","succeed","v","to be the best in a contest","1","triumph|prevail|succeed","True","",""
"sing","vocalize","v","to make music with your voice","1","croon|hum|chant","True","",""
"dance","move to music","v","to move your body to music","1","sway|spin|groove","True","",""
"clean","make clean","v","to remove dirt from something","1","wash|scrub|wipe","True","",""
"dirty","soiled","adj","covered with dirt","1","soiled|filthy|grimy","True","",""
"wash","clean with water","v","to clean something with water","1","clean|rinse|bathe","True","",""
"dry","not wet","adj","having no water","1","parched|arid|waterless","True","removed 'dehydrated' (refers to people needing water)",""
"wet","moist","adj","covered with water","1","damp|moist|soaked","True","",""
"soft","not hard","adj","easy to press or bend","1","gentle|pliable|supple|tender","True","removed 'smooth' (surface texture, not softness)",""
"dark","little light","adj","with little or no light","1","dim|gloomy|shadowy","True","",""
"bright","much light","adj","full of light","1","brilliant|vivid|luminous","True","",""
"clear","transparent","adj","easy to see through","1","transparent|lucid|distinct","True","",""
"cloudy","overcast","adj","covered with clouds","1","overcast|gloomy|murky","True","",""
"sunny","bright weather","adj","full of sunshine","1","bright|clear|sunlit","True","",""
"windy","with wind","adj","with a lot of wind","1","breezy|gusty|blustery","True","",""
"long","great length","adj","measuring a lot from end to end","1","lengthy|extended|prolonged","True","",""
"short","little length","adj","measuring little from end to end","1","brief|compact|concise","True","brief/concise refer to time or text, not physical length",""
"tall","high","adj","above average height","1","high|lofty|elevated","True","",""
"high","above","adj","a long way above the ground","1","tall|elevated|towering","True","",""
"low","not high","adj","close to the ground","1","short|low-lying|sunken","True","",""
"wide","broad","adj","measuring a lot across","1","broad|expansive|spacious","True","",""
"narrow","not wide","adj","measuring little across","1","thin|slender|tight","True","",""
"deep","far down","adj","extending a long way down","1","bottomless|cavernous|yawning","True","removed 'profound/far-reaching' (figurative senses)",""
"shallow","not deep","adj","not extending far down","1","superficial|slight|thin","True","",""
"early","before time","adj","before the expected time","1","ahead of schedule|premature|beforehand","True","removed 'timely' (means 'at the right time', not 'early')",""
"late","after time","adj","after the expected time","1","delayed|overdue|tardy","True","",""
"near","close distance","adj","not far away","1","close|nearby|adjacent","True","",""
"far","long distance","adj","a long way away","1","distant|remote|faraway","True","",""
"above","higher","adv","in a higher place","1","over|overhead|on top","True","",""
"below","lower","adv","in a lower place","1","under|beneath|underneath","True","",""
"inside","within","adv","in the inner part","1","within|indoors","True","removed 'inward' (a direction, not a place)",""
"outside","beyond","adv","in the outer part","1","outdoors|exterior|without","True","'without' is archaic for 'outside'",""
"top","upper part","n","the highest part of something","1","summit|peak|crown","True","",""
"bottom","lower part","n","the lowest part of something","1","base|foot|underside","True","",""
"center","middle","n","the middle point","1","middle|midpoint|core","True","",""
"always","all the time","adv","at all times","1","constantly|continually|forever","True","",""
"never","not ever","adv","at no time","1","at no time|not ever|not once","True","removed 'nowhere near' (means 'far from', wrong sense)",""
"often","frequently","adv","many times","1","frequently|regularly|commonly","True","",""
"sometimes","occasionally","adv","at some times","1","occasionally|at times|now and then","True","",""
"usually","normally","adv","in most cases","1","normally|generally|typically","True","",""
"quickly","fast","adv","in a fast way","1","swiftly|rapidly|promptly","True","",""
"slowly","not fast","adv","in a slow way","1","gradually|unhurriedly|sluggishly","True","",""
"again","once more","adv","one more time","1","once more|anew|afresh","True","",""
"together","with each other","adv","in the same group","1","jointly|collectively|in unison","True","",""
"necessary","required","adj","needed in order to do something","2","required|essential|indispensable|needed","True","",""
"possible","able to happen","adj","able to happen or exist","2","feasible|achievable|attainable","True","",""
"correct","right","adj","free from error","2","right|accurate|exact|precise","True","",""
"wrong","incorrect","adj","not correct","2","incorrect|mistaken|erroneous|false","True","",""
"true","factual","adj","in accordance with fact","2","accurate|correct|factual|genuine","True","genuine = real/authentic, slightly different from 'factual'",""
"false","not true","adj","not true","2","untrue|incorrect|fabricated|bogus","True","",""
"sure","certain","adj","having no doubt","2","certain|confident|assured|positive","True","",""
"uncertain","not sure","adj","not having confidence","2","unsure|doubtful|hesitant|undecided","True","",""
"simple","easy","adj","easy to understand or do","2","easy|straightforward|uncomplicated","True","",""
"complex","complicated","adj","having many parts that are hard to understand","2","complicated|intricate|involved","True","",""
"similar","alike","adj","almost the same","2","alike|comparable|analogous","True","",""
"different","not same","adj","not the same","2","dissimilar|distinct|differing","True","",""
"same","identical","adj","exactly alike","2","identical|equal|equivalent","True","",""
"common","frequent","adj","happening often or found widely","2","usual|ordinary|frequent|widespread","True","",""
"rare","uncommon","adj","not happening often","2","uncommon|scarce|unusual","True","",""
"ordinary","normal","adj","not unusual or special","2","normal|usual|average|typical","True","",""
"special","particular","adj","different from what is usual","2","particular|distinctive|unique","True","",""
"general","broad","adj","relating to the whole, not specific parts","2","broad|overall|universal","True","",""
"specific","particular","adj","clearly defined or named","2","particular|precise|exact","True","",""
"main","primary","adj","most important","2","principal|chief|primary|foremost","True","",""
"major","important","adj","very important or large","2","significant|principal|key","True","",""
"minor","lesser","adj","small or not very important","2","lesser|secondary|small","True","",""
"local","nearby","adj","relating to a small area","2","nearby|regional|neighborhood","True","",""
"national","country-wide","adj","relating to a whole country","2","nationwide|federal|countrywide","True","federal is specific to certain government systems",""
"global","worldwide","adj","relating to the whole world","2","worldwide|international|universal","True","",""
"international","global","adj","relating to more than one country","2","worldwide|global|multinational","True","",""
"public","open to all","adj","for everyone to use or see","2","communal|open|shared","True","",""
"private","not public","adj","for one person or a few only","2","personal|confidential|exclusive","True","",""
"alone","by oneself","adj","without other people","2","solitary|lone|unaccompanied","True","",""
"free","no cost","adj","not costing any money","2","complimentary|cost-free|on the house","True","",""
"available","accessible","adj","able to be used or obtained","2","accessible|obtainable|on hand","True","",""
"ready","prepared","adj","prepared to do something","2","prepared|set|primed","True","",""
"able","capable","adj","having the skill to do something","2","capable|competent|skilled","True","",""
"unable","not able","adj","not having the skill to do something","2","incapable|incompetent|powerless","True","",""
"willing","ready","adj","happy to do something","2","ready|inclined|disposed","True","",""
"eager","enthusiastic","adj","very keen to do something","2","keen|enthusiastic|avid","True","",""
"excited","enthusiastic","adj","very happy and interested","2","thrilled|eager|animated","True","",""
"interested","curious","adj","wanting to know more","2","curious|engaged|intrigued","True","",""
"bored","uninterested","adj","feeling tired because nothing is interesting","2","uninterested|weary|indifferent","True","'weary' leans toward tired; 'indifferent' toward not caring",""
"tired","weary","adj","needing rest","2","weary|exhausted|fatigued","True","",""
"hungry","needing food","adj","needing food","2","famished|ravenous|starving","True","",""
"thirsty","needing drink","adj","needing a drink","2","parched|dehydrated|dry","True","",""
"sick","ill","adj","not healthy","2","ill|unwell|ailing","True","",""
"healthy","well","adj","in good health","2","well|fit|robust","True","",""
"hurt","injured","adj","having pain or injury","2","injured|wounded|sore","True","",""
"safe","not in danger","adj","not in danger","2","secure|protected|out of danger","True","",""
"useful","helpful","adj","able to be used to help","2","helpful|practical|valuable","True","",""
"useless","not useful","adj","not useful","2","worthless|pointless|futile","True","",""
"popular","well-liked","adj","liked by many people","2","well-liked|favored|in demand","True","",""
"unpopular","not liked","adj","not liked by many people","2","disliked|unwanted|out of favor","True","",""
"modern","contemporary","adj","relating to the present time","2","contemporary|current|up-to-date","True","",""
"traditional","long-established","adj","following long-established customs","2","conventional|customary|time-honored","True","",""
"formal","official","adj","following official rules and style","2","official|conventional|proper","True","",""
"informal","casual","adj","relaxed and not official","2","casual|relaxed|unofficial","True","",""
"honest","truthful","adj","telling the truth","2","truthful|sincere|frank","True","",""
"dishonest","not truthful","adj","not telling the truth","2","deceitful|untruthful|insincere","True","",""
"kind","caring","adj","friendly and caring toward others","2","caring|considerate|generous","True","generous = giving, one aspect of being kind",""
"cruel","unkind","adj","causing pain or suffering","2","harsh|brutal|callous","True","",""
"generous","giving","adj","happy to give to others","2","charitable|liberal|open-handed","True","",""
"polite","courteous","adj","showing good manners","2","courteous|respectful|civil","True","",""
"rude","impolite","adj","not polite","2","impolite|discourteous|offensive","True","",""
"confident","self-assured","adj","believing in your own ability","2","self-assured|assured|self-confident","True","",""
"shy","timid","adj","nervous around other people","2","timid|reserved|bashful","True","",""
"calm","peaceful","adj","quiet and without worry","2","peaceful|serene|composed","True","",""
"nervous","anxious","adj","feeling worried about something","2","anxious|tense|uneasy","True","",""
"worried","anxious","adj","feeling uneasy about something","2","concerned|anxious|uneasy","True","",""
"proud","pleased with","adj","feeling pleased about your achievement","2","pleased|satisfied|gratified","True","",""
"ashamed","embarrassed","adj","feeling embarrassed about something","2","embarrassed|humiliated|mortified","True","",""
"surprised","astonished","adj","feeling sudden wonder","2","astonished|amazed|startled","True","",""
"scared","afraid","adj","feeling fear","2","afraid|frightened|terrified","True","",""
"serious","not joking","adj","earnest and not playful","2","earnest|solemn|grave","True","",""
"funny","amusing","adj","causing laughter or amusement","2","amusing|humorous|comical","True","",""
"interesting","engaging","adj","holding your attention","2","engaging|fascinating|captivating","True","",""
"boring","dull","adj","not interesting","2","dull|tedious|monotonous","True","",""
"exciting","thrilling","adj","causing strong interest or excitement","2","thrilling|exhilarating|stimulating","True","",""
"amazing","astonishing","adj","causing great surprise","2","astonishing|incredible|remarkable","True","",""
"terrible","very bad","adj","extremely bad","2","awful|dreadful|horrible","True","",""
"wonderful","marvelous","adj","extremely good","2","marvelous|fantastic|magnificent","True","",""
"delicious","tasty","adj","very pleasant to eat","2","tasty|appetizing|mouthwatering","True","",""
"unusual","uncommon","adj","not common or usual","2","uncommon|distinctive|extraordinary","True","",""
"natural","not artificial","adj","not made or changed by humans","2","genuine|organic|unprocessed","True","",""
"artificial","not natural","adj","made by humans, not natural","2","synthetic|man-made|fake","True","",""
"fake","not real","adj","not real or genuine","2","counterfeit|imitation|bogus","True","",""
"adequate","sufficient","adj","enough for a purpose","3","sufficient|enough|satisfactory","True","",""
"adjacent","nearby","adj","next to or near something","3","neighboring|adjoining|abutting","True","",""
"adverse","unfavorable","adj","harmful or unfavorable","3","unfavorable|detrimental|harmful","True","",""
"alleviate","ease","v","to make something less severe","3","ease|relieve|mitigate|lessen","True","",""
"ample","plentiful","adj","more than enough","3","plentiful|abundant|generous","True","",""
"analogous","similar","adj","similar in some way","3","similar|comparable|parallel","True","",""
"anticipate","expect","v","to expect and prepare for something","3","expect|foresee|predict","True","",""
"arbitrary","random","adj","based on chance, not reason","3","random|capricious|haphazard","True","",""
"assess","evaluate","v","to judge the value or quality of something","3","evaluate|appraise|estimate","True","",""
"attain","achieve","v","to succeed in reaching a goal","3","achieve|accomplish|reach","True","",""
"attribute","ascribe","v","to say something is caused by someone","3","ascribe|credit|assign","True","",""
"augment","increase","v","to make something larger or greater","3","increase|enlarge|boost","True","",""
"authentic","genuine","adj","real and true","3","genuine|real|bona fide","True","",""
"coerce","force","v","to force someone to do something","3","force|compel|pressure","True","",""
"coincide","overlap","v","to happen at the same time","3","overlap|correspond|synchronize","True","removed 'concur' (primarily 'agree', not 'happen at the same time')",""
"commence","begin","v","to begin","3","begin|start|initiate","True","",""
"compensate","make up for","v","to make up for a loss","3","reimburse|offset|repay","True","",""
"complement","complete","v","to add something that makes it complete","3","complete|supplement|enhance","True","",""
"comprise","consist of","v","to be made up of","3","consist of|include|contain","True","",""
"concur","agree","v","to agree with something","3","agree|assent","True","removed 'coincide' (means happen together, not agree)",""
"condone","overlook","v","to accept or overlook something bad","3","overlook|excuse|tolerate","True","",""
"conjecture","guess","v","to guess based on incomplete information","3","guess|speculate|surmise","True","",""
"consolidate","strengthen","v","to combine into a stronger whole","3","strengthen|merge|unite","True","",""
"constrain","restrict","v","to limit something","3","restrict|limit|restrain","True","",""
"contemplate","consider","v","to think about something carefully","3","consider|ponder|reflect","True","",""
"contradict","deny","v","to say the opposite of something","3","deny|dispute|refute","True","",""
"convey","communicate","v","to communicate an idea","3","communicate|transmit|express","True","",""
"correlate","relate","v","to have a relationship or connection","3","relate|correspond|connect","True","",""
"corroborate","confirm","v","to give evidence that confirms something","3","confirm|support|verify","True","",""
"deteriorate","worsen","v","to become worse","3","worsen|decline|decay","True","",""
"deviate","diverge","v","to move away from a course","3","diverge|stray|depart","True","",""
"diligent","hardworking","adj","showing steady effort","3","industrious|assiduous|hardworking","True","",""
"discern","perceive","v","to notice or understand something","3","perceive|detect|distinguish","True","",""
"disparity","inequality","n","a great difference","3","inequality|gap|imbalance","True","",""
"disseminate","spread","v","to spread information widely","3","spread|distribute|circulate","True","",""
"diverse","varied","adj","very different from each other","3","varied|assorted|multifaceted","True","",""
"efficacious","effective","adj","producing the intended effect","3","effective|efficient|productive","True","efficient (uses little waste) differs from effective (achieves result)",""
"elicit","draw out","v","to get a response or information","3","draw out|evoke|extract","True","",""
"eloquent","expressive","adj","expressing ideas clearly and well","3","articulate|expressive|fluent","True","",""
"emulate","imitate","v","to match or imitate by effort","3","imitate|mimic|copy","True","",""
"encompass","include","v","to include a wide range","3","include|contain|cover","True","",""
"endeavor","effort","n","a serious attempt or effort","3","effort|attempt|undertaking","True","",""
"enhance","improve","v","to improve the quality of something","3","improve|boost|augment","True","",""
"eradicate","eliminate","v","to completely remove something","3","eliminate|abolish|remove","True","",""
"erroneous","wrong","adj","containing errors","3","incorrect|mistaken|false","True","",""
"expedite","accelerate","v","to make something happen faster","3","accelerate|hasten|speed up","True","",""
"extol","praise","v","to praise highly","3","praise|commend|laud","True","",""
"formidable","intimidating","adj","causing fear or respect because of size or difficulty","3","daunting|intimidating|imposing","True","",""
"formulate","devise","v","to create a plan or idea carefully","3","devise|create|develop","True","",""
"futile","pointless","adj","unable to produce a useful result","3","pointless|useless|vain","True","",""
"imminent","about to happen","adj","about to happen very soon","3","impending|forthcoming|approaching","True","",""
"impede","hinder","v","to slow or block something","3","hinder|obstruct|hamper","True","",""
"implement","carry out","v","to put a plan into action","3","carry out|execute|apply","True","",""
"indispensable","essential","adj","absolutely necessary","3","essential|vital|crucial","True","",""
"intricate","complex","adj","very complicated and detailed","3","complex|complicated|elaborate","True","",""
"lucid","clear","adj","clear and easy to understand","3","clear|coherent|intelligible","True","",""
"mitigate","lessen","v","to make something less harmful","3","lessen|reduce|alleviate","True","",""
"negligible","trivial","adj","too small to matter","3","trivial|insignificant|minor","True","",""
"optimal","best","adj","the best or most favorable","3","best|ideal|optimum","True","",""
"paradox","contradiction","n","a statement that seems to contradict itself","3","contradiction|inconsistency|anomaly","True","",""
"plausible","believable","adj","seeming reasonable and believable","3","believable|credible|reasonable","True","",""
"prevalent","widespread","adj","widespread or common","3","widespread|common|prevailing|rampant","True","removed self-reference 'prevalent'",""
"pragmatic","practical","adj","dealing with things in a practical way","3","practical|realistic|sensible","True","",""
"precede","come before","v","to come before something in time or order","3","come before|antedate|predate","True","removed rare/archaic 'forerun'",""
"proficient","skilled","adj","very skilled at something","3","skilled|adept|competent","True","",""
"prolific","productive","adj","producing a lot","3","productive|fruitful|abundant","True","",""
"prudent","wise","adj","showing careful judgment","3","wise|cautious|judicious","True","",""
"rebut","refute","v","to prove a claim is wrong","3","refute|counter|disprove","True","",""
"reconcile","settle","v","to restore friendly relations or settle a conflict","3","settle|resolve|harmonize","True","",""
"relinquish","give up","v","to give up something","3","give up|surrender|abandon","True","",""
"replenish","refill","v","to fill something again","3","refill|restock|renew","True","",""
"reprimand","scold","v","to tell someone off formally","3","scold|rebuke|censure","True","",""
"resilient","tough","adj","able to recover quickly","3","tough|hardy|adaptable","True","",""
"scrutiny","examination","n","careful examination","3","examination|inspection|review","True","",""
"stagnant","motionless","adj","not moving or developing","3","motionless|sluggish|static","True","",""
"subsequent","following","adj","coming after something","3","following|later|ensuing","True","",""
"suffice","be enough","v","to be enough","3","be enough|serve|do the job","True","removed self-reference 'suffice' and weak 'do'",""
"tangible","touchable","adj","able to be touched or clearly real","3","touchable|concrete|physical","True","",""
"versatile","adaptable","adj","able to do many things","3","adaptable|flexible|multi-purpose","True","",""
"vindicate","clear","v","to prove someone is not guilty or wrong","3","clear|exonerate|acquit","True","",""
"breathe","take in air","v","to take air in and out","1","inhale|respire|draw breath","True","",""
"build","construct","v","to make something by joining parts","1","construct|erect|assemble","True","",""
"burn","be on fire","v","to be on fire","1","scorch|singe|char","True","",""
"climb","go up","v","to move upward","1","ascend|scale|mount","True","",""
"cook","prepare food","v","to prepare food by heating","1","prepare|make|bake","True","",""
"cut","divide with a tool","v","to divide something with a tool","1","slice|chop|trim","True","",""
"draw","make a picture","v","to make a picture with lines","1","sketch|outline|depict","True","",""
"drive","operate a vehicle","v","to control a moving vehicle","1","pilot|steer|operate","True","",""
"fall","drop down","v","to move downward by gravity","1","drop|tumble|descend","True","",""
"feel","sense","v","to notice through the senses or emotions","1","sense|experience|perceive","True","",""
"fight","combat","v","to take part in a struggle","1","battle|combat|struggle","True","",""
"fly","move through the air","v","to move through the air","1","soar|glide|hover","True","",""
"grow","become bigger","v","to become larger or develop","1","expand|increase|develop","True","",""
"hide","conceal","v","to put out of sight","1","conceal|cover|disguise","True","",""
"hit","strike","v","to touch something with force","1","strike|punch|smack","True","",""
"join","connect","v","to put things together","1","connect|attach|link","True","",""
"meet","encounter","v","to come together with someone","1","encounter|come across|run into","True","",""
"move","change position","v","to change position","1","shift|relocate|transfer","True","",""
"need","require","v","to require something","1","require|want|demand","True","",""
"plan","arrange in advance","v","to decide and arrange something in advance","1","arrange|organize|design","True","",""
"promise","pledge","v","to say you will definitely do something","1","pledge|vow|swear","True","",""
"reach","arrive at","v","to get to a place","1","arrive at|attain|get to","True","",""
"return","go back","v","to go back to a place","1","come back|revert|go back","True","",""
"save","keep safe","v","to keep someone or something from harm","1","rescue|preserve|protect","True","",""
"shake","tremble","v","to move quickly back and forth","1","tremble|quiver|shiver","True","",""
"share","give part","v","to give part of something to others","1","divide|split|distribute","True","",""
"shout","yell","v","to speak very loudly","1","yell|cry|scream","True","",""
"show","display","v","to let something be seen","1","display|exhibit|reveal","True","",""
"spend","use money","v","to pay money for something","1","expend|pay out|disburse","True","",""
"throw","toss","v","to send something through the air","1","toss|hurl|fling","True","",""
"turn","rotate","v","to move around a center","1","rotate|spin|revolve","True","",""
"use","employ","v","to put something to a purpose","1","employ|utilize|apply","True","",""
"visit","go to see","v","to go to a person or place","1","call on|drop by|see","True","",""
"warm","mildly hot","adj","a little hot","1","lukewarm|mild|tepid","True","",""
"cool","slightly cold","adj","a little cold","1","chilly|fresh|crisp","True","",""
"busy","occupied","adj","having a lot to do","1","occupied|engaged|active","True","",""
"lazy","not active","adj","not wanting to work or move","1","idle|sluggish|inactive","True","",""
"careful","attentive","adj","giving close attention","1","cautious|attentive|mindful","True","",""
"careless","not careful","adj","not giving attention","1","reckless|negligent|hasty","True","",""
"glad","happy","adj","feeling happy about something","1","pleased|delighted|happy","True","",""
"round","circular","adj","shaped like a circle","1","circular|spherical|curved","True","",""
"flat","level","adj","smooth and even","1","level|even|smooth","True","",""
"straight","not curved","adj","without bends","1","direct|even|linear","True","",""
"alive","living","adj","having life","1","living|breathing|animate","True","",""
"dead","not alive","adj","no longer living","1","deceased|lifeless|departed","True","",""
"present","here","adj","being in a place","1","here|in attendance|attending","True","",""
"absent","not here","adj","not in a place","1","away|missing|not present","True","",""
"achieve","accomplish","v","to succeed in doing something","2","accomplish|attain|reach","True","",""
"admit","acknowledge","v","to agree that something is true","2","acknowledge|concede|confess","True","",""
"afford","be able to pay","v","to have enough money for something","2","manage|bear|spare","True","",""
"aim","goal","n","what you try to achieve","2","goal|objective|target","True","",""
"allow","permit","v","to say someone may do something","2","permit|let|authorize","True","",""
"amaze","astonish","v","to surprise greatly","2","astonish|astound|surprise","True","",""
"annoy","irritate","v","to make someone slightly angry","2","irritate|bother|aggravate","True","",""
"announce","declare","v","to tell people about something publicly","2","declare|proclaim|state","True","",""
"apologize","say sorry","v","to say you are sorry","2","say sorry|express regret|ask forgiveness","True","",""
"appreciate","be grateful","v","to feel thankful for something","2","be grateful|value|acknowledge","True","",""
"arrange","organize","v","to put things in order","2","organize|set up|plan","True","",""
"avoid","stay away","v","to keep away from something","2","evade|dodge|shun","True","",""
"bother","trouble","v","to cause inconvenience","2","trouble|disturb|pester","True","",""
"cancel","call off","v","to decide something will not happen","2","call off|scrap|abort","True","",""
"celebrate","mark an occasion","v","to show happiness about an event","2","commemorate|mark|rejoice","True","",""
"complain","protest","v","to say you are unhappy about something","2","protest|grumble|object","True","",""
"confuse","puzzle","v","to make someone unable to understand","2","puzzle|bewilder|perplex","True","",""
"continue","keep going","v","to keep doing something","2","proceed|carry on|persist","True","",""
"convince","persuade","v","to make someone believe something","2","persuade|assure|talk into","True","",""
"create","make something new","v","to make something new","2","produce|invent|originate","True","",""
"demand","require","v","to ask strongly for something","2","require|insist on|call for","True","",""
"deserve","be worthy of","v","to be worthy of something","2","merit|warrant|earn","True","",""
"differ","be different","v","to be different from something","2","vary|diverge|contrast","True","",""
"earn","make money","v","to get money by working","2","make|gain|bring in","True","",""
"encourage","give support","v","to give support and confidence","2","support|motivate|inspire","True","",""
"enjoy","take pleasure","v","to get pleasure from something","2","relish|savor|delight in","True","",""
"enter","come in","v","to go into a place","2","come in|go in|access","True","",""
"escape","get away","v","to get away from somewhere","2","flee|get away|break free","True","",""
"fail","not succeed","v","to not succeed","2","flop|fall short|come up short","True","",""
"favor","prefer","v","to prefer one thing","2","prefer|choose|opt for","True","",""
"forgive","pardon","v","to stop being angry with someone","2","pardon|excuse|absolve","True","",""
"gain","obtain","v","to get something useful","2","obtain|acquire|win","True","",""
"gather","collect","v","to bring things together","2","collect|assemble|accumulate","True","",""
"guess","estimate","v","to form an opinion without facts","2","estimate|reckon|speculate","True","",""
"handle","manage","v","to deal with something","2","manage|deal with|cope with","True","",""
"happen","occur","v","to take place","2","occur|take place|arise","True","",""
"hire","employ","v","to give someone a job","2","employ|take on|recruit","True","",""
"ignore","pay no attention","v","to pay no attention to something","2","disregard|neglect|overlook","True","",""
"imagine","picture in the mind","v","to form a mental picture","2","picture|envision|conceive","True","",""
"impress","make an impact","v","to make someone admire you","2","amaze|strike|dazzle","True","",""
"include","contain","v","to have something as a part","2","contain|comprise|incorporate","True","",""
"inform","tell","v","to give someone information","2","tell|notify|advise","True","",""
"invite","ask to come","v","to ask someone to come","2","ask|request|summon","True","",""
"judge","assess","v","to form an opinion about something","2","assess|evaluate|appraise","True","",""
"lead","guide","v","to show the way or direct","2","guide|direct|conduct","True","",""
"manage","run","v","to be in charge of something","2","run|direct|administer","True","",""
"matter","be important","v","to be important","2","count|be important|signify","True","",""
"measure","assess size","v","to find the size of something","2","gauge|calculate|quantify","True","",""
"mention","refer to","v","to speak about briefly","2","refer to|cite|note","True","",""
"notice","observe","v","to see and pay attention to","2","observe|spot|perceive","True","",""
"offer","propose","v","to suggest something","2","propose|suggest|put forward","True","",""
"order","command","v","to tell someone to do something","2","command|instruct|direct","True","",""
"own","possess","v","to have something that belongs to you","2","possess|have|hold","True","",""
"permit","allow","v","to allow something","2","allow|authorize|sanction","True","",""
"persuade","convince","v","to make someone agree","2","convince|coax|influence","True","",""
"praise","commend","v","to say good things about someone","2","commend|compliment|applaud","True","",""
"prepare","get ready","v","to get ready","2","get ready|arrange|make ready","True","",""
"prevent","stop","v","to stop something from happening","2","stop|block|hinder","True","",""
"provide","supply","v","to give something needed","2","supply|give|furnish","True","",""
"purchase","buy","v","to buy something","2","buy|acquire|procure","True","",""
"raise","increase","v","to make something higher or larger","2","increase|lift|boost","True","",""
"receive","get","v","to be given something","2","get|obtain|accept","True","",""
"recognize","identify","v","to know who or what something is","2","identify|distinguish|spot","True","",""
"relate","connect","v","to show a connection","2","connect|link|associate","True","",""
"relax","unwind","v","to rest and become calm","2","unwind|rest|loosen up","True","",""
"release","set free","v","to let something go free","2","free|set free|let go","True","",""
"rely","depend","v","to trust and depend on someone","2","depend|count on|trust","True","",""
"remain","stay","v","to continue to be in a place","2","stay|continue|endure","True","",""
"remind","make remember","v","to make someone remember something","2","prompt|jog the memory","True","",""
"remove","take away","v","to take something away","2","take away|eliminate|extract","True","",""
"replace","substitute","v","to put something new in place of another","2","substitute|exchange|swap","True","",""
"report","inform","v","to give a spoken or written account","2","inform|announce|relate","True","",""
"require","need","v","to need something","2","need|demand|call for","True","",""
"respond","reply","v","to answer or react","2","reply|answer|react","True","",""
"respect","esteem","v","to think well of someone","2","esteem|admire|honor","True","",""
"reward","give a prize","v","to give something for good work","2","compensate|honor|pay","True","",""
"search","look for","v","to look carefully for something","2","seek|hunt|look for","True","",""
"suggest","propose","v","to offer an idea","2","propose|recommend|put forward","True","",""
"support","help","v","to help or back someone","2","help|back|assist","True","",""
"surprise","astonish","v","to make someone feel sudden wonder","2","astonish|startle|amaze","True","",""
"survive","stay alive","v","to continue to live","2","endure|live on|pull through","True","",""
"trust","have faith in","v","to believe someone is reliable","2","rely on|depend on|have faith in","True","",""
"understand","comprehend","v","to know the meaning of something","2","comprehend|grasp|follow","True","",""
"warn","alert","v","to tell someone about danger","2","alert|caution|notify","True","",""
"accurate","correct","adj","free from error","3","correct|precise|exact","True","",""
"acknowledge","admit","v","to accept that something is true","3","admit|recognize|concede","True","",""
"advocate","support","v","to publicly support something","3","support|champion|endorse","True","",""
"anonymous","unnamed","adj","without a name","3","unnamed|unidentified|nameless","True","",""
"assert","state firmly","v","to state something firmly","3","declare|affirm|state","True","",""
"authoritative","reliable","adj","trusted as a source of truth","3","reliable|trustworthy|definitive","True","",""
"bias","prejudice","n","an unfair preference","3","prejudice|partiality|slant","True","",""
"capacity","ability","n","the ability to do something","3","ability|capability|aptitude","True","",""
"competent","skilled","adj","having the skill to do something","3","skilled|capable|proficient","True","",""
"consensus","agreement","n","general agreement","3","agreement|accord|harmony","True","",""
"constraint","limit","n","a limit on something","3","limit|restriction|restraint","True","",""
"controversy","dispute","n","public disagreement","3","dispute|disagreement|debate","True","",""
"criterion","standard","n","a standard for judging","3","standard|benchmark|measure","True","",""
"critique","review","v","to give a detailed assessment","3","review|evaluate|appraise","True","",""
"decline","refuse","v","to politely refuse","3","refuse|reject|turn down","True","",""
"derive","obtain","v","to get something from a source","3","obtain|draw|gain","True","",""
"dilemma","predicament","n","a difficult choice","3","predicament|quandary|fix","True","",""
"discourse","discussion","n","serious discussion or writing","3","discussion|dialogue|debate","True","",""
"dynamic","energetic","adj","full of energy and change","3","energetic|lively|active","True","",""
"eligible","qualified","adj","having the right to take part","3","qualified|entitled|suitable","True","",""
"emphasize","stress","v","to give special importance to","3","stress|highlight|underline","True","",""
"entity","thing","n","a thing with separate existence","3","being|thing|object","True","",""
"equivalent","equal","adj","equal in value or meaning","3","equal|identical|corresponding","True","",""
"evaluate","assess","v","to judge the value of something","3","assess|appraise|judge","True","",""
"explicit","clear","adj","stated clearly and directly","3","clear|direct|unambiguous","True","",""
"exploit","make full use","v","to use something to full advantage","3","utilize|use|leverage","True","",""
"extensive","large-scale","adj","covering a large area or amount","3","large-scale|broad|far-reaching","True","",""
"finite","limited","adj","having a limit","3","limited|bounded|restricted","True","",""
"fundamental","basic","adj","forming the necessary base","3","basic|essential|foundational","True","",""
"hypothesis","theory","n","a suggested explanation","3","theory|assumption|proposition","True","",""
"identify","recognize","v","to find or recognize something","3","recognize|pinpoint|distinguish","True","",""
"implicit","implied","adj","suggested but not stated","3","implied|unspoken|understood","True","",""
"incentive","motivation","n","something that motivates action","3","motivation|encouragement|spur","True","",""
"inherent","inborn","adj","existing as a natural part","3","intrinsic|innate|built-in","True","",""
"initiate","begin","v","to begin something","3","begin|start|launch","True","",""
"innovate","create something new","v","to introduce something new","3","invent|introduce|pioneer","True","",""
"integrate","combine","v","to combine into a whole","3","combine|merge|incorporate","True","",""
"interpret","explain","v","to explain the meaning","3","explain|clarify|decipher","True","",""
"justify","give reasons for","v","to show something is right","3","explain|defend|warrant","True","",""
"mandate","order","n","an official order","3","order|command|directive","True","",""
"methodology","method","n","a system of methods","3","method|approach|procedure","True","",""
"notion","idea","n","an idea or belief","3","idea|concept|belief","True","",""
"objective","goal","n","a goal to be achieved","3","goal|aim|target","True","",""
"objective","unbiased","adj","not influenced by personal feelings","3","unbiased|impartial|fair","True","",""
"perspective","viewpoint","n","a particular way of seeing things","3","viewpoint|standpoint|outlook","True","",""
"phenomenon","event","n","an observable event","3","occurrence|event|happening","True","",""
"principle","rule","n","a basic rule or belief","3","rule|law|guideline","True","",""
"priority","precedence","n","something treated as most important","3","precedence|urgency|importance","True","",""
"rationale","reason","n","the reason behind something","3","reasoning|logic|justification","True","",""
"relevant","pertinent","adj","directly connected to the matter","3","pertinent|applicable|related","True","",""
"resolve","solve","v","to find a solution","3","solve|settle|work out","True","",""
"sphere","domain","n","an area of activity","3","domain|field|area","True","",""
"strategy","plan","n","a long-term plan","3","plan|approach|tactic","True","",""
"sufficient","enough","adj","as much as needed","3","enough|adequate|ample","True","",""
"synthesize","combine","v","to combine into a whole","3","combine|integrate|amalgamate","True","",""
"tentative","provisional","adj","not final or certain","3","provisional|preliminary|uncertain","True","",""
"theoretical","abstract","adj","based on theory, not practice","3","abstract|conceptual|speculative","True","",""
"undergo","experience","v","to experience something","3","experience|go through|endure","True","",""
"undertake","take on","v","to take responsibility for a task","3","take on|assume|embark on","True","",""
"variable","changeable","adj","likely to change","3","changeable|fluctuating|inconsistent","True","",""
"verify","confirm","v","to check that something is true","3","confirm|validate|corroborate","True","",""
"viable","feasible","adj","able to work successfully","3","feasible|workable|practical","True","",""
"dig","make a hole","v","to make a hole in the ground","1","excavate|hollow out|scoop","True","",""
"hunt","chase animals","v","to chase animals for food or sport","1","chase|pursue|track","True","",""
"hurry","move quickly","v","to move or act quickly","1","rush|hasten|dash","True","",""
"mix","combine","v","to combine things together","1","blend|stir|combine","True","",""
"obey","follow a rule","v","to do what someone says","1","comply|follow|observe","True","",""
"pack","fill a container","v","to fill a container with things","1","fill|stuff|cram","True","",""
"smell","detect by nose","v","to detect something with the nose","1","sniff|scent|detect","True","",""
"taste","sample flavor","v","to try the flavor of something","1","sample|savor|try","True","",""
"touch","feel with hand","v","to put a hand on something","1","feel|handle|contact","True","",""
"whisper","speak softly","v","to speak very quietly","1","murmur|mutter|mumble","True","",""
"curious","wanting to know","adj","wanting to know something","1","inquisitive|nosy|interested","True","",""
"gentle","mild and soft","adj","kind and not rough","1","mild|tender|soft","True","",""
"sweet","sugary","adj","tasting like sugar","1","sugary|saccharine|sweetened","True","",""
"sour","sharp taste","adj","having a sharp acid taste","1","tart|acidic|tangy","True","",""
"bitter","sharp and harsh","adj","having a sharp, unpleasant taste","1","harsh|acrid|sharp","True","",""
"spicy","hot-tasting","adj","having a strong, hot flavor","1","hot|fiery|piquant","True","",""
"salty","tasting of salt","adj","containing a lot of salt","1","briny|salted|saline","True","",""
"young","not old","adj","having lived for only a short time","1","youthful|juvenile|adolescent","True","",""
"tiny","very small","adj","extremely small","1","minuscule|minute|miniature","True","",""
"huge","very big","adj","extremely large","1","enormous|gigantic|massive","True","",""
"thin","not fat","adj","having little body fat","1","slim|slender|lean","True","",""
"thick","not thin","adj","wide from side to side","1","dense|bulky|heavy","True","",""
"absorb","take in","v","to take in a liquid or information","2","soak up|take in|assimilate","True","",""
"accompany","go with","v","to go somewhere with someone","2","go with|escort|join","True","",""
"accuse","blame","v","to say someone did something wrong","2","blame|charge|indict","True","",""
"adapt","adjust","v","to change to fit a new situation","2","adjust|modify|acclimate","True","",""
"admire","respect","v","to think highly of someone","2","respect|esteem|look up to","True","",""
"adopt","take up","v","to start to use or follow something","2","take up|embrace|assume","True","",""
"affect","influence","v","to have an effect on something","2","influence|impact|alter","True","",""
"analyze","examine","v","to study something carefully","2","examine|study|dissect","True","",""
"appeal","attract","v","to be attractive or interesting","2","attract|entice|draw","True","",""
"apply","make use","v","to put something to practical use","2","employ|utilize|use","True","",""
"appoint","assign","v","to choose someone for a position","2","assign|designate|name","True","",""
"approach","come near","v","to move closer to something","2","come near|advance|near","True","",""
"approve","accept","v","to think or say something is good","2","accept|endorse|sanction","True","",""
"arise","come up","v","to happen or appear","2","emerge|come up|surface","True","",""
"assemble","gather","v","to bring people or things together","2","gather|bring together|collect","True","",""
"attach","fasten","v","to join one thing to another","2","fasten|join|connect","True","",""
"attend","be present","v","to be present at an event","2","be present|go to|show up","True","",""
"attract","draw","v","to make someone come toward you","2","draw|pull|entice","True","",""
"attempt","try","v","to make an effort to do something","2","try|endeavor|strive","True","",""
"aware","knowing","adj","knowing or realizing something","2","conscious|mindful|informed","True","",""
"blame","hold responsible","v","to say someone is at fault","2","hold responsible|criticize|fault","True","",""
"boost","increase","v","to make something greater or stronger","2","increase|raise|strengthen","True","",""
"calculate","compute","v","to work out a number","2","compute|figure out|determine","True","",""
"capture","seize","v","to take someone or something","2","seize|catch|grab","True","",""
"caution","care","n","care to avoid danger","2","care|prudence|wariness","True","",""
"challenge","difficulty","n","something hard to deal with","2","difficulty|obstacle|test","True","",""
"charge","ask payment","v","to ask a price for something","2","ask|bill|demand","True","",""
"clarify","make clear","v","to make something easier to understand","2","make clear|explain|elucidate","True","",""
"combine","join together","v","to put things together","2","merge|unite|join","True","",""
"compare","contrast","v","to look at how things are alike or different","2","contrast|weigh|measure up","True","",""
"compete","strive","v","to try to beat others","2","strive|contend|vie","True","",""
"confess","admit","v","to admit something you did wrong","2","admit|acknowledge|own up","True","",""
"confirm","verify","v","to show something is true","2","verify|corroborate|validate","True","",""
"connect","join","v","to bring things together","2","link|join|unite","True","",""
"consider","think about","v","to think about something carefully","2","think about|contemplate|weigh","True","",""
"consist","be made up","v","to be formed from parts","2","be made up|comprise|contain","True","",""
"contrast","compare","v","to show how things differ","2","compare|differentiate|distinguish","True","",""
"control","manage","v","to make something behave as you want","2","manage|command|regulate","True","",""
"cooperate","work together","v","to work together with others","2","collaborate|work together|join forces","True","",""
"correct","fix","v","to make something right","2","fix|rectify|remedy","True","",""
"criticize","find fault","v","to say what is wrong with something","2","find fault|condemn|blame","True","",""
"defend","protect","v","to protect someone or something","2","protect|guard|shield","True","",""
"define","explain meaning","v","to state the meaning of something","2","explain|describe|specify","True","",""
"delay","put off","v","to make something happen later","2","postpone|put off|defer","True","",""
"delight","pleasure","n","great pleasure","2","pleasure|joy|happiness","True","",""
"deliver","hand over","v","to bring something to someone","2","hand over|bring|convey","True","",""
"describe","portray","v","to say what something is like","2","portray|depict|characterize","True","",""
"design","plan","v","to plan how something will look or work","2","plan|devise|draft","True","",""
"detect","discover","v","to notice or discover something","2","discover|spot|notice","True","",""
"determine","decide","v","to decide something after finding facts","2","decide|establish|ascertain","True","",""
"develop","advance","v","to grow or become more advanced","2","advance|grow|evolve","True","",""
"devote","dedicate","v","to give time and energy to something","2","dedicate|commit|give","True","",""
"direct","guide","v","to show or tell someone what to do","2","guide|steer|lead","True","",""
"disappoint","let down","v","to make someone feel let down","2","let down|disillusion|dishearten","True","",""
"discover","find","v","to find something new","2","find|unearth|uncover","True","",""
"distract","divert","v","to take attention away","2","divert|sidetrack|disturb","True","",""
"distribute","hand out","v","to give something to many people","2","hand out|dispense|allot","True","",""
"disturb","interrupt","v","to interrupt someone's peace or work","2","interrupt|bother|disrupt","True","",""
"doubt","uncertainty","n","a feeling of not being sure","2","uncertainty|skepticism|suspicion","True","",""
"enable","make possible","v","to make something possible","2","make possible|allow|permit","True","",""
"endure","bear","v","to bear something difficult","2","bear|withstand|tolerate","True","",""
"engage","occupy","v","to hold someone's attention","2","occupy|involve|attract","True","",""
"ensure","make sure","v","to make certain something happens","2","make sure|guarantee|secure","True","",""
"establish","set up","v","to start something that lasts","2","set up|found|institute","True","",""
"estimate","roughly judge","v","to judge an amount roughly","2","judge roughly|gauge|reckon","True","",""
"examine","inspect","v","to look at something closely","2","inspect|scrutinize|study","True","",""
"expect","anticipate","v","to think something will happen","2","anticipate|foresee|await","True","",""
"explore","investigate","v","to travel through or study a place","2","investigate|examine|probe","True","",""
"expose","reveal","v","to make something known or visible","2","reveal|uncover|disclose","True","",""
"express","show","v","to show a feeling or idea","2","convey|communicate|voice","True","",""
"extend","lengthen","v","to make something longer","2","lengthen|stretch|prolong","True","",""
"external","outer","adj","on the outside","2","outer|outside|exterior","True","",""
"face","confront","v","to deal with something difficult","2","confront|meet|deal with","True","",""
"feature","characteristic","n","a noticeable quality of something","2","characteristic|attribute|trait","True","",""
"focus","concentrate","v","to give all your attention to something","2","concentrate|center|direct","True","",""
"forbid","prohibit","v","to say something is not allowed","2","prohibit|ban|disallow","True","",""
"forecast","predict","v","to say what will happen","2","predict|anticipate|foresee","True","",""
"form","shape","v","to make or shape something","2","shape|fashion|mold","True","",""
"fulfill","complete","v","to do or achieve what is needed","2","complete|achieve|realize","True","",""
"function","operate","v","to work in the proper way","2","operate|work|perform","True","",""
"generate","produce","v","to produce or create something","2","produce|create|yield","True","",""
"glance","look quickly","v","to look at something quickly","2","peek|glimpse|scan","True","",""
"grasp","understand","v","to understand something fully","2","understand|comprehend","True","removed 'seize' (physical sense of grasp, not mental)",""
"guarantee","promise","v","to promise something will happen","2","promise|ensure|warrant","True","",""
"guard","protect","v","to watch over and protect","2","protect|defend|watch over","True","",""
"hesitate","pause","v","to pause before doing something","2","pause|waver|hold back","True","",""
"highlight","emphasize","v","to give special attention to something","2","emphasize|stress|spotlight","True","",""
"impact","effect","n","the effect something has","2","effect|influence|consequence","True","",""
"indicate","show","v","to show or point to something","2","show|suggest|signal","True","",""
"influence","affect","v","to have an effect on something","2","affect|shape|sway","True","",""
"inspect","examine","v","to look at something carefully","2","examine|check|review","True","",""
"inspire","motivate","v","to give someone the desire to do something","2","motivate|encourage|stimulate","True","",""
"instruct","teach","v","to teach or give orders","2","teach|coach|direct","True","",""
"intend","plan","v","to have something in mind to do","2","plan|mean|aim","True","",""
"interact","communicate","v","to communicate or react with someone","2","communicate|connect|engage","True","",""
"introduce","present","v","to bring something in for the first time","2","present|bring in|launch","True","",""
"investigate","probe","v","to find out the facts about something","2","probe|examine|inquire into","True","",""
"involve","include","v","to include something as a part","2","include|entail|implicate","True","",""
"isolate","separate","v","to keep something apart from others","2","separate|detach|quarantine","True","",""
"launch","start","v","to start something new","2","start|initiate|begin","True","",""
"maintain","keep up","v","to keep something in good condition","2","keep up|sustain|preserve","True","",""
"manufacture","produce","v","to make goods in large quantities","2","produce|make|fabricate","True","",""
"modify","change","v","to change something partly","2","change|alter|adjust","True","",""
"monitor","watch","v","to watch something over time","2","watch|track|observe","True","",""
"motivate","inspire","v","to give someone a reason to act","2","inspire|encourage|spur","True","",""
"negotiate","bargain","v","to discuss to reach an agreement","2","bargain|discuss|mediate","True","",""
"occupy","take up","v","to fill a space or time","2","take up|fill|inhabit","True","",""
"oppose","resist","v","to be against something","2","resist|fight|object to","True","",""
"overcome","defeat","v","to succeed in dealing with something","2","defeat|conquer|surmount","True","",""
"participate","take part","v","to take part in an activity","2","take part|join in|engage","True","",""
"perform","carry out","v","to do or carry out an action","2","carry out|execute|do","True","",""
"persist","continue","v","to continue doing something","2","continue|persevere|keep on","True","",""
"predict","foretell","v","to say what will happen in the future","2","foretell|forecast|anticipate","True","",""
"presume","assume","v","to assume something is true","2","assume|suppose|take for granted","True","",""
"proceed","go on","v","to continue or move forward","2","go on|continue|advance","True","",""
"promote","advance","v","to help something grow or spread","2","advance|boost|encourage","True","",""
"prompt","trigger","v","to cause something to happen","2","trigger|provoke|elicit","True","",""
"propose","suggest","v","to suggest a plan or idea","2","suggest|put forward|advance","True","",""
"pursue","chase","v","to follow or try to achieve something","2","chase|follow|seek","True","",""
"recall","remember","v","to bring a memory back","2","remember|recollect|summon up","True","",""
"recommend","suggest","v","to say something is good or suitable","2","suggest|advise|endorse","True","",""
"recover","get back","v","to get back something lost","2","regain|retrieve|recuperate","True","",""
"refer","mention","v","to mention or point to something","2","mention|allude|cite","True","",""
"register","record","v","to record something officially","2","record|log|enroll","True","",""
"regulate","control","v","to control by rules or laws","2","control|manage|govern","True","",""
"reinforce","strengthen","v","to make something stronger","2","strengthen|bolster|fortify","True","",""
"reject","refuse","v","to refuse to accept something","2","refuse|decline|turn down","True","",""
"represent","stand for","v","to stand for or act for something","2","stand for|symbolize|denote","True","",""
"resist","withstand","v","to fight against something","2","withstand|oppose|fight against","True","",""
"restore","bring back","v","to bring something back to its state","2","bring back|reinstate|renew","True","",""
"retain","keep","v","to keep something","2","keep|hold|maintain","True","",""
"reveal","show","v","to make something known","2","show|disclose|expose","True","",""
"reverse","overturn","v","to change something to the opposite","2","overturn|undo|cancel","True","",""
"secure","fasten","v","to fix something firmly","2","fasten|fix|attach","True","",""
"separate","divide","v","to put things apart","2","divide|split|part","True","",""
"settle","resolve","v","to resolve a problem or argument","2","resolve|sort out|conclude","True","",""
"shelter","protect","v","to give protection from harm","2","protect|shield|harbor","True","",""
"shift","move","v","to move something from one place","2","move|transfer|switch","True","",""
"signal","gesture","v","to give a sign or gesture","2","gesture|motion|indicate","True","",""
"simplify","make simple","v","to make something easier","2","make simple|streamline|ease","True","",""
"stimulate","arouse","v","to make something more active","2","arouse|excite|spur","True","",""
"strengthen","make strong","v","to make something stronger","2","make strong|reinforce|fortify","True","",""
"struggle","strive","v","to try hard to do something","2","strive|labor|fight","True","",""
"submit","hand in","v","to give something for approval","2","hand in|present|offer","True","",""
"succeed","achieve","v","to achieve what you aimed to do","2","achieve|thrive|prosper","True","",""
"summarize","outline","v","to give the main points briefly","2","outline|condense|sum up","True","",""
"supervise","oversee","v","to watch over people doing work","2","oversee|manage|direct","True","",""
"sustain","maintain","v","to keep something going","2","maintain|keep up|continue","True","",""
"tackle","deal with","v","to deal with a problem","2","deal with|address|take on","True","",""
"threaten","menace","v","to say you will cause harm","2","menace|intimidate|endanger","True","",""
"tolerate","put up with","v","to accept something unpleasant","2","put up with|endure|stand","True","",""
"transform","change","v","to change completely","2","change|convert|alter","True","",""
"transmit","send","v","to send something from one place","2","send|convey|pass on","True","",""
"urge","strongly advise","v","to advise someone strongly","2","strongly advise|push|encourage","True","",""
"utilize","use","v","to make use of something","2","use|employ|apply","True","",""
"valuable","precious","adj","worth a lot","2","precious|prized|treasured","True","",""
"vanish","disappear","v","to disappear suddenly","2","disappear|fade|dissolve","True","",""
"vary","differ","v","to change or be different","2","differ|fluctuate|change","True","",""
"withdraw","remove","v","to take something away","2","remove|pull out|retract","True","",""
"witness","see","v","to see something happen","2","observe|see|watch","True","",""
"wonder","marvel","v","to feel surprise and curiosity","2","marvel|ponder|question","True","",""
"blind","unable to see","adj","not able to see","1","sightless|unseeing|visually impaired","True","",""
"deaf","unable to hear","adj","not able to hear well","1","hard of hearing|hearing-impaired|unhearing","True","",""
"silly","foolish","adj","lacking good sense","1","foolish|ridiculous|absurd","True","",""
"awful","very bad","adj","extremely bad or unpleasant","1","terrible|dreadful|horrible","True","",""
"lovely","beautiful","adj","very beautiful or pleasant","1","beautiful|charming|delightful","True","",""
"sleepy","drowsy","adj","feeling ready to sleep","1","drowsy|dozy|tired","True","",""
"awake","not asleep","adj","not asleep","1","alert|wakeful|conscious","True","",""
"well","healthy","adj","in good health","1","healthy|fit|in good health","True","",""
"shiny","bright","adj","reflecting light","1","glossy|gleaming|polished","True","",""
"slippery","hard to grip","adj","too smooth to grip easily","1","greasy|oily|slick","True","",""
"smooth","even","adj","not rough","1","even|flat|sleek","True","",""
"rough","uneven","adj","not smooth or even","1","uneven|coarse|bumpy","True","",""
"sharp","pointed","adj","having a thin edge that can cut","1","pointed|keen|acute","True","",""
"dull","not sharp","adj","not sharp","1","blunt|unsharpened|flat","True","",""
"coast","shoreline","n","the land next to the sea","1","shore|coastline|seashore","True","",""
"island","land surrounded by water","n","land with water all around it","1","isle|islet|atoll","True","",""
"price","cost","n","the amount paid to buy something","1","cost|value|charge","True","",""
"rule","regulation","n","an official statement of what must be done","1","regulation|law|principle","True","",""
"tool","instrument","n","an object used to do a job","1","instrument|implement|device","True","",""
"shoe","footwear","n","something worn on the foot","1","footwear|boot|slipper","True","",""
"key","opening device","n","an object used to open a lock","1","opener|access|mechanism","True","",""
"river","stream","n","a large stream of water","1","stream|creek|watercourse","True","",""
"mountain","high land","n","a very high area of land","1","peak|hill|summit","True","",""
"valley","low land","n","low land between hills","1","dale|hollow|basin","True","",""
"forest","woodland","n","a large area of trees","1","woodland|woods|timber","True","",""
"road","path","n","a way used by cars and people","1","street|path|route","True","",""
"abandon","give up","v","to stop doing or caring for something","2","give up|desert|forsake","True","",""
"abolish","end officially","v","to officially end something","2","end|eliminate|eradicate","True","",""
"abrupt","sudden","adj","sudden and unexpected","2","sudden|unexpected|hasty","True","",""
"acclaim","praise","v","to praise publicly","2","praise|applaud|commend","True","",""
"accommodate","provide for","v","to provide for someone's needs","2","provide for|cater for|house","True","",""
"accountable","responsible","adj","required to explain your actions","2","responsible|answerable|liable","True","",""
"accumulate","gather","v","to gather gradually","2","gather|amass|collect","True","",""
"acute","sharp","adj","very strong or severe","2","sharp|intense|severe","True","",""
"adhere","stick","v","to stick firmly to something","2","stick|cling|hold fast","True","",""
"administer","manage","v","to manage and organize something","2","manage|direct|supervise","True","",""
"adversary","opponent","n","a person you are competing against","2","opponent|rival|enemy","True","",""
"allocate","assign","v","to assign something for a purpose","2","assign|allot|distribute","True","",""
"amend","revise","v","to change and improve something","2","revise|modify|correct","True","",""
"amplify","strengthen","v","to make something stronger or louder","2","strengthen|intensify|boost","True","",""
"anchor","secure","v","to fix something firmly in place","2","secure|fix|fasten","True","",""
"anomaly","irregularity","n","something that differs from the norm","2","irregularity|deviation|aberration","True","",""
"apathy","indifference","n","a lack of interest","2","indifference|unconcern|disinterest","True","",""
"apprehend","understand","v","to understand or grasp something","2","understand|grasp|perceive","True","",""
"articulate","express clearly","v","to express ideas clearly","2","express|voice|verbalize","True","",""
"ascertain","determine","v","to find out something with certainty","2","determine|establish|find out","True","",""
"aspire","aim","v","to have a strong wish to achieve something","2","aim|strive|seek","True","",""
"assent","agree","v","to agree to something","2","agree|consent|concur","True","",""
"avert","prevent","v","to prevent something bad","2","prevent|avoid|ward off","True","",""
"benevolent","kind","adj","kind and wanting to help","2","kind|charitable|generous","True","",""
"bolster","strengthen","v","to make something stronger or better","2","strengthen|boost|reinforce","True","",""
"brevity","conciseness","n","using few words","2","conciseness|shortness|briefness","True","",""
"candid","frank","adj","honest and direct","2","frank|honest|open","True","",""
"catastrophe","disaster","n","a sudden great disaster","2","disaster|calamity|tragedy","True","",""
"cease","stop","v","to come to an end","2","stop|halt|end","True","",""
"certify","confirm","v","to officially confirm something","2","confirm|verify|validate","True","",""
"charitable","generous","adj","giving to those in need","2","generous|benevolent|giving","True","",""
"chronic","persistent","adj","lasting a long time","2","persistent|recurring|constant","True","",""
"cite","quote","v","to quote or refer to something","2","quote|mention|refer to","True","",""
"clarity","clearness","n","the quality of being clear","2","clearness|lucidity|precision","True","",""
"cogent","convincing","adj","clear and convincing","2","convincing|compelling|persuasive","True","",""
"collaborate","work together","v","to work together with others","2","cooperate|work together|team up","True","",""
"commodity","product","n","a product that is bought and sold","2","product|goods|merchandise","True","",""
"compel","force","v","to force someone to do something","2","force|oblige|coerce","True","",""
"compile","gather","v","to collect and put together","2","gather|collect|assemble","True","",""
"complacent","self-satisfied","adj","too satisfied with yourself","2","smug|self-satisfied|content","True","",""
"compliant","obedient","adj","willing to obey","2","obedient|submissive|docile","True","",""
"comply","obey","v","to obey a rule or request","2","obey|conform|follow","True","",""
"compromise","settlement","n","an agreement reached by each side giving something","2","settlement|agreement|deal","True","",""
"conceive","imagine","v","to form an idea in the mind","2","imagine|envisage|envision","True","",""
"confide","trust","v","to tell a secret to someone you trust","2","trust|tell|reveal","True","",""
"conform","comply","v","to follow rules or standards","2","comply|obey|follow","True","",""
"conscientious","careful","adj","very careful and hard-working","2","diligent|meticulous|careful","True","",""
"consecutive","successive","adj","following one after another","2","successive|sequential|running","True","",""
"conspicuous","noticeable","adj","easy to notice","2","noticeable|prominent|obvious","True","",""
"constitute","make up","v","to form or make up something","2","make up|comprise|form","True","",""
"contend","argue","v","to argue or claim something","2","argue|claim|assert","True","",""
"context","situation","n","the circumstances around an event","2","situation|circumstances|setting","True","",""
"convene","meet","v","to come together for a meeting","2","assemble|gather|summon","True","",""
"converge","come together","v","to come together at a point","2","meet|merge|come together","True","",""
"counteract","oppose","v","to act against something","2","oppose|neutralize|offset","True","",""
"culminate","climax","v","to reach the highest point","2","climax|conclude|end","True","",""
"cultivate","develop","v","to develop or improve something","2","develop|foster|nurture","True","",""
"cumulative","accumulating","adj","increasing by adding amounts","2","accumulating|growing|increasing","True","",""
"deem","consider","v","to consider or judge something","2","consider|regard|judge","True","",""
"deficiency","shortage","n","a lack of something needed","2","shortage|lack|deficit","True","",""
"deficit","shortage","n","the amount by which something is short","2","shortage|shortfall|gap","True","",""
"degrade","lower","v","to lower the quality of something","2","lower|weaken|debase","True","",""
"deliberate","intentional","adj","done on purpose","2","intentional|purposeful|calculated","True","",""
"denote","mean","v","to be a sign or symbol of something","2","mean|signify|indicate","True","",""
"denounce","condemn","v","to publicly criticize something","2","condemn|criticize|decry","True","",""
"depict","portray","v","to show or describe something","2","portray|describe|illustrate","True","",""
"deprive","take away","v","to take something away from someone","2","take away|strip|dispossess","True","",""
"designate","name","v","to officially name or choose something","2","name|appoint|label","True","",""
"deter","discourage","v","to make someone less likely to do something","2","discourage|prevent|hinder","True","",""
"detriment","harm","n","harm or damage","2","harm|damage|disadvantage","True","",""
"devise","design","v","to invent or plan something","2","design|invent|contrive","True","",""
"disclose","reveal","v","to make something known","2","reveal|expose|divulge","True","",""
"discrepancy","difference","n","a difference between things that should match","2","difference|inconsistency|gap","True","",""
"discriminate","distinguish","v","to see a difference between things","2","distinguish|differentiate|tell apart","True","",""
"disperse","scatter","v","to scatter in different directions","2","scatter|spread|dissipate","True","",""
"dispose","arrange","v","to put things in order","2","arrange|organize|position","True","",""
"diverge","separate","v","to go in different directions","2","separate|branch off|deviate","True","",""
"divulge","reveal","v","to reveal private information","2","reveal|disclose|leak","True","",""
"dominate","control","v","to have control over something","2","control|govern|prevail","True","",""
"donate","give","v","to give something, especially money or goods","2","give|contribute|pledge","True","",""
"drastic","extreme","adj","extreme and sudden","2","extreme|severe|radical","True","",""
"dubious","doubtful","adj","feeling or showing doubt","2","doubtful|uncertain|questionable","True","",""
"dwell","live","v","to live in a place","2","live|reside|inhabit","True","",""
"eccentric","unusual","adj","behaving in a strange or unusual way","2","unconventional|odd|quirky","True","",""
"elevate","raise","v","to raise or lift to a higher level","2","raise|lift|boost","True","",""
"embody","represent","v","to represent an idea or quality","2","represent|personify|exemplify","True","",""
"endorse","support","v","to publicly support something","2","support|approve|back","True","",""
"enforce","impose","v","to make people obey a rule","2","impose|compel|apply","True","",""
"engender","produce","v","to cause or produce something","2","produce|cause|generate","True","",""
"envisage","imagine","v","to imagine something in the future","2","imagine|envision|foresee","True","",""
"evoke","bring to mind","v","to bring a memory or feeling to mind","2","bring to mind|call up|elicit","True","",""
"evolve","develop","v","to develop gradually","2","develop|progress|unfold","True","",""
"exceed","surpass","v","to be greater than something","2","surpass|go beyond|top","True","",""
"exert","apply","v","to apply or put into use","2","apply|use|employ","True","",""
"exhibit","show","v","to show or display something","2","show|display|demonstrate","True","",""
"exotic","unusual","adj","unusual and exciting","2","unusual|foreign|striking","True","",""
"expire","end","v","to come to an end","2","end|terminate|lapse","True","",""
"expertise","skill","n","great skill or knowledge","2","skill|proficiency|know-how","True","",""
"extract","pull out","v","to pull or take something out","2","pull out|remove|withdraw","True","",""
"fabricate","make","v","to make something from parts","2","make|manufacture|construct","True","",""
"fervent","passionate","adj","showing strong feeling","2","passionate|ardent|intense","True","",""
"foremost","leading","adj","most important or leading","2","leading|chief|primary","True","",""
"foster","encourage","v","to help something grow or develop","2","encourage|promote|nurture","True","",""
"fragile","delicate","adj","easily broken or damaged","2","delicate|brittle|frail","True","",""
"germane","relevant","adj","closely connected to the topic","2","relevant|pertinent|applicable","True","",""
"hoist","lift","v","to lift something heavy","2","lift|raise|elevate","True","",""
"humble","modest","adj","not proud or boastful","2","modest|unassuming|meek","True","",""
"immerse","plunge","v","to put something completely into a liquid","2","plunge|submerge|engross","True","",""
"imperative","essential","adj","extremely important","2","essential|crucial|vital","True","",""
"imply","suggest","v","to suggest something without saying it","2","suggest|hint|insinuate","True","",""
"impose","force","v","to force something on someone","2","force|levy|inflict","True","",""
"induce","cause","v","to cause or bring about something","2","cause|bring about|trigger","True","",""
"infer","deduce","v","to reach a conclusion from evidence","2","deduce|conclude|derive","True","",""
"inhibit","hinder","v","to slow down or prevent something","2","hinder|restrain|impede","True","",""
"insight","understanding","n","a clear understanding of something","2","understanding|perception|discernment","True","",""
"intact","undamaged","adj","not damaged or changed","2","undamaged|whole|complete","True","",""
"intercede","mediate","v","to help settle a dispute between people","2","mediate|intervene|step in","True","",""
"intervene","step in","v","to become involved in a situation","2","step in|mediate|intercede","True","",""
"invoke","call upon","v","to call upon something for support","2","call upon|summon|cite","True","",""
"jeopardize","endanger","v","to put something in danger","2","endanger|threaten|risk","True","",""
"laud","praise","v","to praise highly","2","praise|acclaim|commend","True","",""
"legitimate","lawful","adj","allowed by law or rules","2","lawful|legal|valid","True","",""
"linger","stay on","v","to stay longer than expected","2","stay on|remain|loiter","True","",""
"lucrative","profitable","adj","producing a lot of money","2","profitable|rewarding|fruitful","True","",""
"manifest","evident","adj","clear and obvious","2","evident|obvious|apparent","True","",""
"mediate","intervene","v","to help two sides reach an agreement","2","intervene|intercede|arbitrate","True","",""
"mingle","mix","v","to mix or move among people","2","mix|blend|socialize","True","",""
"modest","humble","adj","not showing off","2","humble|unassuming|unpretentious","True","",""
"notable","remarkable","adj","worthy of attention","2","remarkable|noteworthy|striking","True","",""
"nurture","care for","v","to care for and help something grow","2","care for|foster|cultivate","True","",""
"obligatory","required","adj","required by rules","2","required|mandatory|compulsory","True","",""
"obstruct","block","v","to block or make passage hard","2","block|hinder|impede","True","",""
"outweigh","exceed","v","to be greater or more important than something","2","exceed|surpass|override","True","",""
"perish","die","v","to die, especially in a disaster","2","die|pass away|expire","True","",""
"pervasive","widespread","adj","spreading widely through something","2","widespread|prevalent","True","",""
"precaution","safeguard","n","an action taken to avoid danger","2","safeguard|safety measure|protection","True","",""
"preliminary","initial","adj","coming before the main event","2","initial|introductory|preparatory","True","",""
"prerequisite","requirement","n","something required before something else","2","requirement|condition|precondition","True","",""
"prevail","dominate","v","to be the most common or strongest","2","dominate|win|triumph","True","",""
"prohibit","forbid","v","to officially forbid something","2","forbid|ban|bar","True","",""
"proliferate","spread rapidly","v","to increase or spread quickly","2","spread rapidly|multiply|mushroom","True","",""
"propel","drive forward","v","to drive or push something forward","2","drive|push|thrust","True","",""
"prosper","thrive","v","to be successful and grow","2","thrive|flourish|succeed","True","",""
"rectify","correct","v","to correct or fix something","2","correct|remedy|fix","True","",""
"refrain","abstain","v","to hold yourself back from doing something","2","abstain|hold back|desist","True","",""
"refute","disprove","v","to prove something is wrong","2","disprove|rebut|counter","True","",""
"remedy","cure","n","a solution to a problem","2","cure|solution|fix","True","",""
"render","make","v","to cause something to be in a certain state","2","make|cause to be|provide","True","",""
"replicate","copy","v","to copy or repeat something","2","copy|reproduce|duplicate","True","",""
"resemble","look like","v","to be similar to something","2","look like|mirror|echo","True","",""
"restrain","hold back","v","to hold something back or control it","2","hold back|curb|check","True","",""
"reticent","reserved","adj","not showing feelings or thoughts","2","reserved|quiet|taciturn","True","",""
"rigorous","strict","adj","very thorough and strict","2","strict|thorough|exacting","True","",""
"scrutinize","examine","v","to examine something very closely","2","examine|inspect|study","True","",""
"seize","grab","v","to take hold of something suddenly","2","grab|take hold of|grasp","True","",""
"simultaneous","concurrent","adj","happening at the same time","2","concurrent|coinciding|at the same time","True","",""
"spontaneous","unplanned","adj","happening without planning","2","unplanned|impromptu|voluntary","True","",""
"stipulate","specify","v","to state a condition or requirement","2","specify|require|mandate","True","",""
"strenuous","demanding","adj","needing a lot of effort","2","demanding|arduous|laborious","True","",""
"subordinate","lower in rank","adj","lower in rank or importance","2","lower|secondary|inferior","True","",""
"succumb","give in","v","to give in to something","2","give in|yield|surrender","True","",""
"supplement","add to","v","to add something to improve it","2","add to|augment|complement","True","",""
"surpass","exceed","v","to be better or greater than something","2","exceed|outstrip|top","True","",""
"terminate","end","v","to bring something to an end","2","end|conclude|cease","True","",""
"thrive","prosper","v","to grow and do well","2","prosper|flourish|bloom","True","",""
"undermine","weaken","v","to weaken or damage something gradually","2","weaken|erode|subvert","True","",""
"unify","unite","v","to bring together into one","2","unite|merge|consolidate","True","",""
"uphold","support","v","to support or keep a decision or law","2","support|maintain|defend","True","",""
"validate","confirm","v","to confirm that something is correct","2","confirm|verify|corroborate","True","",""
"warrant","justify","v","to be a good reason for something","2","justify|call for|merit","True","",""
"yield","produce","v","to produce or provide something","2","produce|give|return","True","",""
"abstract","theoretical","adj","based on ideas rather than concrete things","3","theoretical|conceptual|notional","True","",""
"absurd","ridiculous","adj","very unreasonable or silly","3","ridiculous|nonsensical|preposterous","True","",""
"assimilate","absorb","v","to absorb and understand information","3","absorb|take in|incorporate","True","",""
"audit","inspection","n","an official examination of records","3","inspection|examination|review","True","",""
"autonomous","independent","adj","self-governing or independent","3","independent|self-governing|self-directed","True","",""
"axiom","principle","n","a statement accepted as true without proof","3","principle|premise|postulate","True","",""
"catalyst","trigger","n","something that causes a change","3","trigger|stimulus|accelerant","True","",""
"caveat","warning","n","a warning or condition","3","warning|caution|proviso","True","",""
"congruent","matching","adj","matching or corresponding","3","matching|corresponding|consistent","True","",""
"contingent","dependent","adj","dependent on something else","3","dependent|conditional|provisional","True","",""
"debilitate","weaken","v","to make weak","3","weaken|impair|cripple","True","",""
"deduce","infer","v","to reach a conclusion from evidence","3","infer|conclude|reason","True","",""
"diffuse","spread","v","to spread widely","3","spread|scatter|disperse","True","",""
"dissent","disagreement","n","disagreement with an official view","3","disagreement|objection|opposition","True","",""
"divergence","difference","n","a difference or split","3","difference|deviation|split","True","",""
"dominant","prevailing","adj","most important or powerful","3","prevailing|predominant|primary","True","",""
"eclectic","varied","adj","drawn from many different sources","3","varied|diverse|wide-ranging","True","",""
"ephemeral","short-lived","adj","lasting only a short time","3","short-lived|fleeting|transient","True","",""
"equitable","fair","adj","fair and equal","3","fair|impartial|just","True","",""
"erudite","scholarly","adj","having great knowledge","3","scholarly|learned|knowledgeable","True","",""
"facet","aspect","n","one side or aspect of something","3","aspect|side|dimension","True","",""
"foresee","anticipate","v","to know about something before it happens","3","anticipate|predict|envision","True","",""
"gauge","measure","v","to measure or estimate","3","measure|assess|estimate","True","",""
"immutable","unchangeable","adj","not able to change","3","unchangeable|fixed|permanent","True","",""
"insurmountable","unbeatable","adj","too great to overcome","3","unbeatable|unconquerable|overwhelming","True","",""
"interim","temporary","adj","for a limited time only","3","temporary|provisional|transitional","True","",""
"latent","hidden","adj","present but not active","3","hidden|dormant|undeveloped","True","",""
"nominal","in name only","adj","existing in name only","3","token|symbolic|minimal","True","",""
"nuance","subtlety","n","a subtle difference or shade of meaning","3","subtlety|shade|refinement","True","",""
"obsolete","outdated","adj","no longer used","3","outdated|antiquated|archaic","True","",""
"paradigm","model","n","a typical example or model","3","model|pattern|framework","True","",""
"premise","assumption","n","an idea on which something is based","3","assumption|proposition|basis","True","",""
"subtle","understated","adj","delicate and not obvious","3","understated|faint|elusive","True","",""
"succinct","brief","adj","expressed briefly and clearly","3","brief|concise|terse","True","",""
"tacit","unspoken","adj","understood without being stated","3","unspoken|implied|implicit","True","",""
"tenet","principle","n","a core belief or principle","3","principle|doctrine|belief","True","",""
"terse","brief","adj","using very few words","3","brief|concise|curt","True","",""
"transcend","go beyond","v","to go beyond a limit","3","go beyond|surpass|exceed","True","",""
"transient","temporary","adj","lasting only a short time","3","temporary|fleeting|passing","True","",""
"ubiquitous","everywhere","adj","present everywhere","3","omnipresent|universal|pervasive","True","",""
"underscore","emphasize","v","to emphasize something","3","emphasize|stress|highlight","True","",""
"volatile","unstable","adj","changing quickly and unpredictably","3","unstable|changeable|erratic","True","",""
"come","arrive","v","to move toward a place","1","arrive|approach|appear","True","",""
"finish","complete","v","to bring something to an end","1","complete|end|conclude","True","",""
"go","depart","v","to leave a place","1","leave|depart|head off","True","",""
"have","possess","v","to own or hold something","1","own|possess|hold","True","",""
"see","perceive with eyes","v","to notice with your eyes","1","perceive|observe|notice","True","",""
"speak","talk","v","to say words","1","talk|converse|utter","True","",""
"tell","inform","v","to give information to someone","1","inform|notify|advise","True","",""
"stay","remain","v","to continue to be in a place","1","remain|linger|wait","True","",""
"bag","container","n","a container for carrying things","1","sack|pouch|tote","True","",""
"door","entrance","n","an entrance that opens","1","entrance|doorway|opening","True","",""
"fence","barrier","n","a barrier around an area","1","barrier|enclosure|railing","True","",""
"gate","entrance","n","an opening in a fence or wall","1","entrance|gateway|portal","True","",""
"hill","raised land","n","a raised area of land","1","mound|rise|slope","True","",""
"hole","opening","n","an opening in something","1","opening|gap|cavity","True","",""
"letter","message","n","a written message","1","note|message|correspondence","True","",""
"mirror","reflecting glass","n","a glass that reflects images","1","looking glass|reflector","True","",""
"net","mesh","n","a mesh for catching things","1","mesh|web|screen","True","",""
"picture","image","n","a visual image","1","image|photo|illustration","True","",""
"plate","dish","n","a flat dish for food","1","dish|platter|serving dish","True","",""
"rope","cord","n","a thick cord","1","cord|line|cable","True","",""
"stone","rock","n","a piece of rock","1","rock|pebble|boulder","True","",""
"street","road","n","a road in a town","1","road|avenue|lane","True","",""
"yard","ground","n","an area of ground beside a building","1","courtyard|garden|lawn","True","",""
"neat","tidy","adj","clean and in order","1","tidy|orderly|trim","True","",""
"odd","strange","adj","strange or unusual","1","strange|peculiar|curious","True","",""
"mad","angry","adj","very angry","1","furious|enraged|irate","True","",""
"pale","light in color","adj","having little color","1","wan|ashen|colorless","True","",""
"amuse","entertain","v","to make someone laugh or enjoy","2","entertain|delight|please","True","",""
"assist","help","v","to help someone","2","help|aid|support","True","",""
"capable","able","adj","having the ability to do something","2","able|competent|proficient","True","",""
"certain","sure","adj","confident about something","2","sure|confident|positive","True","",""
"comfort","ease","n","a state of physical ease","2","ease|relief|solace","True","",""
"conscious","aware","adj","aware of something","2","aware|mindful|cognizant","True","",""
"constant","continuous","adj","happening all the time","2","continuous|continual|persistent","True","",""
"consult","ask advice","v","to ask someone for advice","2","ask|confer|seek advice","True","",""
"contribute","give","v","to give something to a cause","2","give|donate|provide","True","",""
"convert","change","v","to change into another form","2","change|transform|turn","True","",""
"difficult","hard","adj","needing much effort","2","hard|tough|challenging","True","",""
"distant","far","adj","far away","2","remote|faraway|far-off","True","",""
"efficient","effective","adj","working well without waste","2","effective|productive|capable","True","",""
"enormous","huge","adj","very large","2","huge|immense|gigantic","True","",""
"enthusiastic","eager","adj","showing strong excitement","2","eager|keen|passionate","True","",""
"essential","necessary","adj","absolutely necessary","2","necessary|crucial|vital","True","",""
"expand","grow","v","to become larger","2","grow|enlarge|widen","True","",""
"fascinating","interesting","adj","very interesting","2","captivating|intriguing|engaging","True","",""
"fatigue","tiredness","n","extreme tiredness","2","tiredness|exhaustion|weariness","True","",""
"fortunate","lucky","adj","having good luck","2","lucky|blessed|favored","True","",""
"frequent","common","adj","happening often","2","common|regular|repeated","True","",""
"gradual","slow","adj","happening slowly over time","2","progressive|step-by-step|steady","True","",""
"grateful","thankful","adj","feeling thanks","2","thankful|appreciative|indebted","True","",""
"identical","same","adj","exactly the same","2","same|matching|alike","True","",""
"immense","huge","adj","extremely large","2","huge|vast|enormous","True","",""
"intelligent","smart","adj","able to learn and understand well","2","smart|clever|bright","True","",""
"keen","eager","adj","very interested or eager","2","eager|enthusiastic|passionate","True","",""
"limited","restricted","adj","not allowed to grow beyond a point","2","restricted|bounded|finite","True","",""
"logical","reasonable","adj","based on clear reasoning","2","reasonable|rational|sensible","True","",""
"mature","adult","adj","fully grown or developed","2","grown-up|adult|developed","True","",""
"method","way","n","a way of doing something","2","way|approach|technique","True","",""
"minimal","least","adj","as small as possible","2","least|minimum|smallest","True","",""
"obvious","clear","adj","easy to see or understand","2","clear|evident|apparent","True","",""
"patient","tolerant","adj","able to wait calmly","2","tolerant|forbearing|calm","True","",""
"permanent","lasting","adj","lasting forever","2","lasting|enduring|long-term","True","",""
"precise","exact","adj","exact and accurate","2","exact|accurate|specific","True","",""
"previous","earlier","adj","coming before in time","2","earlier|prior|former","True","",""
"probable","likely","adj","likely to happen","2","likely|possible|plausible","True","",""
"profit","gain","n","money gained","2","gain|earnings|return","True","",""
"punctual","on time","adj","arriving at the right time","2","on time|prompt|timely","True","",""
"rapid","fast","adj","moving very fast","2","fast|swift|quick","True","",""
"rational","logical","adj","based on reason","2","logical|reasonable|sensible","True","",""
"reliable","dependable","adj","able to be trusted","2","dependable|trustworthy|sound","True","",""
"remarkable","notable","adj","worthy of notice","2","notable|striking|outstanding","True","",""
"satisfy","please","v","to make someone pleased","2","please|gratify|content","True","",""
"sensitive","easily affected","adj","easily affected or offended","2","delicate|susceptible|touchy","True","",""
"severe","serious","adj","very serious or bad","2","serious|extreme|intense","True","",""
"sincere","honest","adj","honest and genuine","2","honest|genuine|truthful","True","",""
"solid","firm","adj","firm and hard","2","firm|hard|sturdy","True","",""
"suitable","appropriate","adj","right for the purpose","2","appropriate|fitting|apt","True","",""
"swift","fast","adj","moving very fast","2","fast|quick|rapid","True","",""
"talent","skill","n","a natural ability","2","gift|ability|aptitude","True","",""
"tendency","inclination","n","a natural inclination","2","inclination|trend|leaning","True","",""
"urgent","pressing","adj","needing immediate attention","2","pressing|critical|immediate","True","",""
"abate","lessen","v","to become less strong","3","lessen|diminish|subside","True","",""
"abhor","detest","v","to hate something","3","detest|loathe|despise","True","",""
"abound","be plentiful","v","to exist in large numbers","3","teem|flourish|overflow","True","",""
"abridge","shorten","v","to shorten a text","3","shorten|condense|abbreviate","True","",""
"absolve","forgive","v","to declare someone free of guilt","3","forgive|pardon|exonerate","True","",""
"abstain","refrain","v","to hold back from doing something","3","refrain|forgo|desist","True","",""
"accede","agree","v","to agree to a request","3","agree|consent|assent","True","",""
"accrue","accumulate","v","to accumulate over time","3","accumulate|build up|collect","True","",""
"acquiesce","accept quietly","v","to accept something reluctantly","3","accept|comply|consent","True","",""
"acquit","clear","v","to declare someone not guilty","3","clear|exonerate|vindicate","True","",""
"admonish","warn","v","to warn or scold","3","warn|caution|reprimand","True","",""
"affable","friendly","adj","friendly and easy to talk to","3","friendly|genial|cordial","True","",""
"agile","nimble","adj","able to move quickly and easily","3","nimble|quick|sprightly","True","",""
"ailment","illness","n","a minor illness","3","illness|disorder|affliction","True","",""
"allure","attract","v","to attract by appeal","3","attract|entice|charm","True","",""
"amalgamate","merge","v","to combine into one","3","merge|combine|unite","True","",""
"amenable","willing","adj","willing to agree or accept","3","agreeable|willing|responsive","True","",""
"animosity","hostility","n","strong dislike","3","hostility|resentment|ill will","True","",""
"annul","cancel","v","to officially cancel","3","cancel|void|revoke","True","",""
"antiquated","old-fashioned","adj","old-fashioned or out of date","3","outdated|obsolete|archaic","True","",""
"appease","calm","v","to calm or satisfy","3","pacify|soothe|placate","True","",""
"appraise","assess","v","to assess the value","3","assess|evaluate|estimate","True","",""
"apt","appropriate","adj","appropriate or suitable","3","appropriate|fitting|suitable","True","",""
"arduous","hard","adj","needing great effort","3","difficult|demanding|strenuous","True","",""
"arouse","awaken","v","to awaken or stimulate","3","awaken|stimulate|provoke","True","",""
"ascend","rise","v","to go up","3","rise|climb|mount","True","",""
"ascribe","attribute","v","to attribute to a cause","3","attribute|assign|credit","True","",""
"assiduous","hardworking","adj","showing great care and effort","3","diligent|industrious|tireless","True","",""
"astute","shrewd","adj","quick to understand","3","shrewd|perceptive|insightful","True","",""
"audacious","bold","adj","showing great boldness","3","bold|daring|fearless","True","",""
"austere","strict","adj","simple and severe","3","strict|severe|stern","True","",""
"averse","opposed","adj","strongly opposed","3","opposed|reluctant|disinclined","True","",""
"blemish","flaw","n","a small flaw","3","flaw|defect|imperfection","True","",""
"buoyant","cheerful","adj","cheerful and lively","3","cheerful|lively|optimistic","True","",""
"calamity","disaster","n","a great disaster","3","disaster|catastrophe|tragedy","True","",""
"cede","yield","v","to give up control","3","yield|surrender|concede","True","",""
"censure","criticize","v","to criticize severely","3","criticize|condemn|rebuke","True","",""
"circumvent","bypass","v","to find a way around","3","bypass|evade|dodge","True","",""
"clandestine","secret","adj","done secretly","3","secret|covert|surreptitious","True","",""
"commemorate","honor","v","to honor the memory of","3","honor|remember|celebrate","True","",""
"comprehend","understand","v","to understand fully","3","understand|grasp|fathom","True","",""
"concede","admit","v","to admit something is true","3","admit|acknowledge|grant","True","",""
"concurrent","simultaneous","adj","happening at the same time","3","simultaneous|coinciding|parallel","True","",""
"contentious","controversial","adj","causing argument","3","controversial|disputed|divisive","True","",""
"copious","abundant","adj","large in quantity","3","abundant|plentiful|ample","True","",""
"cryptic","mysterious","adj","mysterious or obscure","3","mysterious|enigmatic|obscure","True","",""
"defer","postpone","v","to put off","3","postpone|delay|put off","True","",""
"demeanor","manner","n","the way someone behaves","3","manner|bearing|conduct","True","",""
"detached","aloof","adj","not emotionally involved","3","aloof|distant|uninvolved","True","",""
"didactic","instructive","adj","intended to teach","3","instructive|educational|edifying","True","",""
"dismantle","take apart","v","to take apart","3","take apart|disassemble|take down","True","",""
"disposition","nature","n","a person's character","3","nature|temperament|character","True","",""
"dissuade","discourage","v","to persuade against","3","discourage|deter|talk out of","True","fixed self-reference 'dissuade'->'talk out of'",""
"bring","carry","v","to carry something to a place","1","carry|deliver|transport","True","",""
"count","tally","v","to find the total number","1","tally|total|enumerate","True","",""
"feed","give food","v","to give food to someone","1","nourish|sustain|supply","True","audit: tightened near-synonyms",""
"forget","not remember","v","to fail to remember","1","overlook|neglect|miss","True","",""
"point","indicate","v","to show something with a finger","1","indicate|direct|signal","True","",""
"send","deliver","v","to make something go to a place","1","deliver|dispatch|transmit","True","",""
"visit","call on","v","to go to see someone or somewhere","1","call on|drop in|tour","True","",""
"wear","have on","v","to have clothes on your body","1","put on|don|dress in","True","",""
"wish","want","v","to want something","1","desire|long for|crave","True","",""
"beach","shore","n","a sandy area beside the sea","1","shore|seashore|coast","True","",""
"boat","vessel","n","a small vessel for water","1","ship|craft|vessel","True","",""
"branch","tree limb","n","a part growing from a tree trunk","1","limb|bough|offshoot","True","",""
"bridge","span","n","a structure built over a gap","1","span|overpass|viaduct","True","",""
"car","automobile","n","a road vehicle with four wheels","1","automobile|vehicle|auto","True","",""
"castle","fortress","n","a large fortified building","1","fortress|citadel|keep","True","audit: tightened near-synonyms",""
"chair","seat","n","a piece of furniture to sit on","1","seat|armchair|stool","True","",""
"cup","mug","n","a small container to drink from","1","mug|beaker|goblet","True","",""
"doctor","physician","n","a person who treats illness","1","physician|medic|clinician","True","",""
"dress","gown","n","a piece of women's clothing","1","gown|frock|garment","True","",""
"family","relatives","n","a group of related people","1","relatives|kin|household","True","",""
"farm","ranch","n","land used for growing crops","1","ranch|plantation|estate","True","",""
"forest","woods","n","a large area of trees","1","woods|woodland|grove","True","",""
"garden","yard","n","a place where plants grow","1","yard|grounds|plot","True","",""
"gift","present","n","something given to someone","1","present|donation|offering","True","",""
"hat","cap","n","a covering for the head","1","cap|headgear|bonnet","True","",""
"home","house","n","a place where someone lives","1","house|residence|dwelling","True","",""
"hotel","inn","n","a place where travelers stay","1","inn|hostel|motel","True","",""
"lake","body of water","n","a large area of water surrounded by land","1","pond|lagoon|mere","True","",""
"lamp","light","n","a device that gives light","1","light|lantern|torch","True","",""
"market","marketplace","n","a place where things are sold","1","marketplace|bazaar|fair","True","",""
"mountain","peak","n","a very high hill","1","peak|summit|alp","True","audit: tightened near-synonyms",""
"movie","film","n","a motion picture","1","film|motion picture|feature","True","",""
"park","public green space","n","a public area of grass and trees","1","garden|reserve|grounds","True","",""
"plant","living thing that grows","n","a living thing that grows in soil","1","herb|flora|vegetation","True","",""
"rain","shower","n","water falling from clouds","1","shower|downpour|precipitation","True","",""
"room","chamber","n","a space in a building","1","chamber|area|space","True","",""
"school","academy","n","a place where students learn","1","academy|institute|seminary","True","",""
"shop","store","n","a place where goods are sold","1","store|outlet|boutique","True","",""
"song","tune","n","music with words","1","tune|melody|anthem","True","",""
"train","railway","n","a line of cars that runs on rails","1","express|locomotive|carriage","True","audit: tightened near-synonyms",""
"village","hamlet","n","a small settlement","1","hamlet|settlement|community","True","",""
"weather","climate","n","the condition of the air","1","climate|conditions","True","audit: tightened near-synonyms",""
"worker","laborer","n","a person who does work","1","laborer|employee|operative","True","",""
"cheap","inexpensive","adj","costing little","1","inexpensive|affordable|low-cost","True","",""
"cozy","comfortable","adj","warm and comfortable","1","snug|comfortable|homely","True","audit: tightened near-synonyms",""
"empty","vacant","adj","containing nothing","1","vacant|unfilled|bare","True","",""
"expensive","costly","adj","costing a lot","1","costly|dear|pricey","True","",""
"ill","sick","adj","not well","1","sick|unwell|ailing","True","",""
"quick","fast","adj","moving or acting fast","1","fast|swift|rapid","True","",""
"tasty","delicious","adj","good to eat","1","delicious|savory|appetizing","True","",""
"ugly","unattractive","adj","unpleasant to look at","1","unattractive|hideous|unsightly","True","",""
"weak","feeble","adj","lacking strength","1","feeble|frail|fragile","True","",""
"wise","sensible","adj","having good judgment","1","sensible|shrewd|prudent","True","",""
"advance","move forward","v","to move forward","2","progress|proceed|move","True","",""
"advantage","benefit","n","a helpful condition","2","benefit|asset|plus","True","",""
"afford","manage to buy","v","to have enough money for","2","pay for|bear|manage","True","",""
"alert","watchful","adj","quick to notice","2","watchful|attentive|vigilant","True","",""
"ambition","drive","n","a strong desire to succeed","2","drive|aspiration|goal","True","",""
"annual","yearly","adj","happening once a year","2","yearly|recurring|per-year","True","",""
"anxiety","worry","n","a feeling of worry","2","worry|unease|apprehension","True","",""
"approve","agree to","v","to agree to something","2","accept|endorse|sanction","True","",""
"argument","dispute","n","a disagreement","2","dispute|quarrel|debate","True","",""
"assign","allocate","v","to give a task or role","2","allocate|designate|allot","True","",""
"attitude","outlook","n","a way of thinking","2","outlook|stance|viewpoint","True","",""
"award","prize","n","a prize given for achievement","2","prize|honor|recognition","True","",""
"balance","steadiness","n","a state of steadiness","2","stability|equilibrium|poise","True","",""
"ban","forbid","v","to officially forbid","2","forbid|prohibit|bar","True","",""
"barrier","obstacle","n","something that blocks","2","obstacle|barricade|hurdle","True","",""
"behave","act","v","to act in a certain way","2","act|conduct|perform","True","",""
"benefit","advantage","n","a good effect","2","advantage|gain|profit","True","",""
"border","boundary","n","the edge of an area","2","boundary|edge|frontier","True","",""
"brief","short","adj","lasting a short time","2","short|concise|fleeting","True","",""
"brilliant","very bright","adj","extremely bright or clever","2","bright|dazzling|superb","True","",""
"budget","allowance","n","a plan for spending","2","allowance|allocation|funds","True","",""
"burden","load","n","a heavy load","2","load|weight|strain","True","",""
"campaign","drive","n","an organized effort","2","drive|effort|operation","True","",""
"candidate","applicant","n","a person applying for something","2","applicant|contender|nominee","True","",""
"category","group","n","a group with shared features","2","group|class|division","True","",""
"character","personality","n","a person's nature","2","personality|nature|temperament","True","",""
"claim","assert","v","to state as true","2","assert|maintain|declare","True","",""
"classify","sort","v","to put into groups","2","sort|categorize|group","True","",""
"colleague","coworker","n","a person you work with","2","coworker|associate|peer","True","",""
"comment","remark","n","a short opinion","2","remark|observation|note","True","",""
"condition","state","n","the state of something","2","state|circumstance|situation","True","",""
"conduct","carry out","v","to carry out an activity","2","carry out|perform|execute","True","",""
"conflict","disagreement","n","a serious disagreement","2","disagreement|clash|dispute","True","",""
"consist","be made of","v","to be made up of","2","comprise|include|contain","True","",""
"consume","use up","v","to use up","2","use|devour|expend","True","",""
"contact","touch","v","to get in touch with","2","reach|approach|get hold of","True","",""
"content","satisfied","adj","pleased and satisfied","2","satisfied|contented|pleased","True","",""
"contract","agreement","n","a formal agreement","2","agreement|deal|pact","True","",""
"cope","deal with","v","to deal with difficulties","2","manage|handle|deal with","True","",""
"credit","recognition","n","recognition for something","2","recognition|praise|acknowledgment","True","",""
"crisis","emergency","n","a time of great difficulty","2","emergency|catastrophe|plight","True","",""
"crucial","vital","adj","extremely important","2","vital|critical|essential","True","",""
"culture","way of life","n","the way of life of a group","2","civilization|customs|heritage","True","",""
"current","present","adj","happening now","2","present|ongoing|contemporary","True","",""
"custom","tradition","n","a traditional practice","2","tradition|practice|convention","True","",""
"damage","harm","n","harm caused to something","2","harm|injury|destruction","True","",""
"deadline","time limit","n","the latest time for something","2","time limit|cutoff|due date","True","",""
"debate","discussion","n","a formal discussion","2","discussion|argument|deliberation","True","",""
"debt","obligation","n","money owed","2","obligation|liability|dues","True","",""
"dedicate","devote","v","to give time or effort","2","devote|commit|pledge","True","",""
"delay","postpone","v","to make later","2","postpone|put off|hold","True","",""
"detail","particular","n","a small part of something","2","particular|specific|element","True","",""
"dimension","measurement","n","a measurement of size","2","measurement|extent|proportion","True","",""
"disadvantage","drawback","n","an unfavorable condition","2","drawback|downside|handicap","True","",""
"disaster","catastrophe","n","a great misfortune","2","catastrophe|calamity|tragedy","True","",""
"discipline","self-control","n","control of behavior","2","self-control|order|restraint","True","",""
"disguise","conceal","v","to change appearance to hide","2","conceal|hide|mask","True","",""
"dismiss","send away","v","to send away","2","send away|discharge|fire","True","",""
"display","show","v","to put on show","2","show|exhibit|demonstrate","True","",""
"dispute","argument","n","an argument","2","argument|disagreement|quarrel","True","",""
"document","record","n","an official record","2","record|file|paper","True","",""
"double","twice","adj","twice as much","2","twice|twofold|doubled","True","audit: tightened near-synonyms",""
"draft","outline","n","a first version","2","outline|sketch|plan","True","",""
"dramatic","striking","adj","striking and exciting","2","striking|impressive|vivid","True","",""
"earn","make","v","to receive for work","2","gain|make|obtain","True","",""
"effect","result","n","a result or change","2","result|consequence|impact","True","",""
"effort","attempt","n","hard work","2","attempt|exertion|endeavor","True","",""
"element","component","n","a basic part","2","component|part|ingredient","True","",""
"embrace","hug","v","to hold closely","2","hug|clasp|hold","True","",""
"enable","allow","v","to make possible","2","allow|permit|empower","True","",""
"endless","infinite","adj","having no end","2","infinite|limitless|boundless","True","",""
"enlarge","expand","v","to make bigger","2","expand|increase|magnify","True","",""
"entire","whole","adj","complete and whole","2","whole|complete|full","True","",""
"environment","surroundings","n","the surroundings","2","surroundings|setting|habitat","True","",""
"equip","supply","v","to supply with what is needed","2","supply|furnish|provide","True","",""
"escape","flee","v","to get away","2","flee|run away|evade","True","",""
"evidence","proof","n","proof of something","2","proof|indication|testimony","True","",""
"example","instance","n","one thing that shows a general rule","2","instance|case|sample","True","",""
"excellent","outstanding","adj","very good","2","outstanding|superb|first-rate","True","",""
"excuse","pardon","v","to forgive","2","pardon|forgive|overlook","True","",""
"exhibit","display","v","to show publicly","2","display|show|present","True","",""
"expense","cost","n","an amount of money spent","2","cost|expenditure|outlay","True","",""
"experiment","trial","n","a test to discover something","2","trial|test|investigation","True","",""
"expert","specialist","n","a person with special skill","2","specialist|authority|professional","True","",""
"export","send abroad","v","to send goods to another country","2","ship|sell abroad|send","True","",""
"extent","degree","n","how far something goes","2","degree|scope|range","True","",""
"extra","additional","adj","more than usual","2","additional|surplus|spare","True","",""
"extraordinary","remarkable","adj","very unusual","2","remarkable|exceptional|amazing","True","",""
"facility","amenity","n","a place for a purpose","2","amenity|installation|center","True","",""
"factor","element","n","something that helps produce a result","2","element|cause|consideration","True","",""
"fade","dim","v","to become less bright","2","dim|dull|dwindle","True","",""
"faith","belief","n","strong belief","2","belief|trust|confidence","True","",""
"fancy","ornate","adj","elaborate and decorative","2","ornate|elaborate|decorated","True","",""
"fashion","style","n","a popular style","2","style|trend|vogue","True","",""
"fasten","secure","v","to attach or lock","2","secure|attach|fix","True","",""
"fatal","deadly","adj","causing death","2","deadly|lethal|mortal","True","",""
"fault","flaw","n","a defect","2","flaw|defect|error","True","",""
"favor","preference","n","an act of kindness","2","preference|kindness|goodwill","True","",""
"fee","charge","n","an amount paid","2","charge|cost|payment","True","",""
"figure","number","n","a number or amount","2","number|amount|statistic","True","",""
"finance","fund","v","to provide money for","2","fund|pay for|bankroll","True","",""
"formula","recipe","n","a set form for calculation","2","recipe|method|equation","True","",""
"fortune","luck","n","luck or wealth","2","luck|wealth|riches","True","",""
"foundation","basis","n","the base of something","2","basis|base|groundwork","True","",""
"framework","structure","n","a supporting structure","2","structure|skeleton|frame","True","",""
"function","purpose","n","the purpose of something","2","purpose|role|operation","True","",""
"fund","money","n","money for a purpose","2","money|capital|resources","True","",""
"glance","glimpse","n","a quick look","2","glimpse|peek|look","True","",""
"goal","aim","n","an aim or target","2","aim|objective|target","True","",""
"govern","rule","v","to rule a country","2","rule|control|administer","True","",""
"grant","give","v","to give or allow","2","give|allow|award","True","",""
"gratitude","thanks","n","a feeling of thanks","2","thanks|appreciation|thankfulness","True","",""
"guarantee","assure","v","to promise certainly","2","assure|pledge|warrant","True","",""
"harm","hurt","v","to cause injury","2","hurt|injure|damage","True","",""
"harmony","agreement","n","agreement and peace","2","agreement|accord|unity","True","",""
"harsh","severe","adj","rough or severe","2","severe|rough|stern","True","",""
"honor","respect","n","high respect","2","respect|esteem|admiration","True","",""
"hostile","unfriendly","adj","unfriendly or opposed","2","unfriendly|antagonistic|aggressive","True","",""
"import","bring in","v","to bring goods into a country","2","bring in|bring from abroad|ship in","True","",""
"income","earnings","n","money received","2","earnings|revenue|wages","True","",""
"individual","single person","n","one person","2","person|someone|human being","True","",""
"ingredient","component","n","a part of a mixture","2","component|element|part","True","",""
"inhabit","live in","v","to live in a place","2","occupy|reside in|dwell in","True","",""
"initial","first","adj","happening first","2","first|beginning|opening","True","",""
"injure","hurt","v","to cause harm","2","hurt|wound|harm","True","",""
"innocent","not guilty","adj","not guilty","2","guiltless|blameless|faultless","True","audit: tightened near-synonyms",""
"innovate","introduce new","v","to introduce new ideas","2","introduce|pioneer|invent","True","",""
"inquire","ask","v","to ask for information","2","ask|question|investigate","True","",""
"instinct","natural tendency","n","a natural tendency","2","tendency|impulse|intuition","True","",""
"institute","organization","n","an organization","2","organization|institution|body","True","",""
"instrument","tool","n","a tool or device","2","tool|device|apparatus","True","",""
"integrity","honesty","n","honesty and strong principles","2","honesty|uprightness|virtue","True","",""
"interior","inside","n","the inside part","2","inside|inner part|core","True","",""
"internal","inner","adj","on the inside","2","inner|interior|inside","True","",""
"interval","gap","n","a pause between events","2","gap|pause|break","True","",""
"issue","matter","n","an important matter","2","matter|concern|topic","True","",""
"knowledge","understanding","n","what a person knows","2","understanding|awareness|expertise","True","",""
"labor","work","n","physical work","2","work|toil|effort","True","",""
"lack","shortage","n","a shortage","2","shortage|absence|deficiency","True","",""
"latter","second of two","adj","the second of two","2","second|final|concluding","True","",""
"legal","lawful","adj","allowed by law","2","lawful|legitimate|permitted","True","",""
"legislation","laws","n","laws made","2","laws|statutes|regulation","True","",""
"leisure","free time","n","free time","2","free time|relaxation|spare time","True","",""
"liberty","freedom","n","freedom","2","freedom|independence|autonomy","True","",""
"locate","find","v","to find the position of","2","find|pinpoint|place","True","",""
"majority","most","n","the greater part","2","most|bulk|greater part","True","",""
"manufacture","make","v","to make goods","2","produce|make|fabricate","True","",""
"margin","edge","n","the edge","2","edge|border|rim","True","",""
"meaning","sense","n","what something means","2","sense|significance|definition","True","",""
"media","press","n","channels of communication","2","press|news media|broadcast","True","",""
"migrate","move","v","to move to another place","2","move|relocate|emigrate","True","",""
"minimum","least","n","the smallest amount","2","least|lowest|floor","True","",""
"minor","small","adj","not important","2","small|slight|insignificant","True","",""
"mission","task","n","an important task","2","task|assignment|objective","True","",""
"moderate","average","adj","within reasonable limits","2","average|reasonable|medium","True","",""
"monitor","observe","v","to watch and check","2","observe|watch|track","True","",""
"moral","ethical","adj","relating to right and wrong","2","ethical|virtuous|principled","True","",""
"motivate","encourage","v","to give someone a reason to act","2","encourage|inspire|drive","True","",""
"motive","reason","n","a reason for acting","2","reason|cause|motivation","True","",""
"narrative","story","n","a story","2","story|account|tale","True","",""
"native","local","adj","belonging to a place","2","local|indigenous|aboriginal","True","",""
"network","system","n","a connected system","2","system|web|grid","True","",""
"nevertheless","however","adv","in spite of that","2","however|nonetheless|yet","True","",""
"normal","usual","adj","usual and expected","2","usual|standard|typical","True","",""
"obligation","duty","n","a duty","2","duty|responsibility|commitment","True","",""
"occasion","event","n","a particular event","2","event|occurrence|moment","True","",""
"offend","upset","v","to upset someone","2","upset|insult|hurt","True","",""
"option","choice","n","a choice","2","choice|alternative|possibility","True","",""
"origin","source","n","the start or source","2","source|beginning|root","True","",""
"overlook","fail to see","v","to fail to notice","2","miss|ignore|neglect","True","",""
"pace","speed","n","the speed of movement","2","speed|tempo|rate","True","",""
"particular","specific","adj","specific and special","2","specific|special|distinct","True","",""
"passion","strong feeling","n","a strong feeling","2","enthusiasm|fervor|zeal","True","",""
"pattern","design","n","a repeated design","2","design|motif|arrangement","True","",""
"peculiar","strange","adj","strange or unusual","2","strange|odd|unusual","True","",""
"period","span","n","a length of time","2","span|interval|stretch","True","",""
"phase","stage","n","a stage of development","2","stage|step|period","True","",""
"phenomenon","occurrence","n","a remarkable occurrence","2","occurrence|event|happening","True","",""
"physical","bodily","adj","relating to the body","2","bodily|corporeal|material","True","",""
"policy","rule","n","a set of rules","2","rules|guidelines|principles","True","",""
"portion","part","n","a part or share","2","part|share|piece","True","",""
"positive","favorable","adj","favorable and optimistic","2","favorable|optimistic|encouraging","True","",""
"possess","own","v","to own","2","own|have|hold","True","",""
"potential","possible","adj","possible in the future","2","possible|latent|prospective","True","",""
"practice","custom","n","a usual way of doing","2","custom|routine|procedure","True","",""
"prefer","like more","v","to like more","2","favor|choose|opt for","True","",""
"present","current","adj","happening now","2","current|existing|immediate","True","",""
"prior","earlier","adj","coming before","2","earlier|previous|former","True","",""
"privilege","right","n","a special right","2","right|advantage|entitlement","True","",""
"procedure","method","n","a way of doing something","2","method|process|routine","True","",""
"profession","occupation","n","a job that needs training","2","occupation|career|vocation","True","",""
"progress","advance","n","forward movement","2","advance|development|improvement","True","",""
"proportion","ratio","n","a part in relation to the whole","2","ratio|share|percentage","True","",""
"prospect","possibility","n","a possibility","2","possibility|chance|likelihood","True","",""
"prosperity","wealth","n","wealth and success","2","wealth|success|affluence","True","",""
"protocol","procedure","n","a set of rules","2","procedure|convention|code","True","",""
"purpose","aim","n","the reason for something","2","aim|intention|goal","True","",""
"qualify","be suitable","v","to be fit for a job","2","be eligible|be fit|pass","True","",""
"quality","standard","n","the standard of excellence","2","standard|caliber|grade","True","",""
"quantity","amount","n","an amount","2","amount|number|measure","True","",""
"quest","search","n","a search","2","search|pursuit|mission","True","",""
"quote","cite","v","to repeat words from a source","2","cite|repeat|reference","True","",""
"range","extent","n","the extent of variety","2","extent|scope|span","True","",""
"react","respond","v","to respond","2","respond|answer|reply","True","",""
"realistic","practical","adj","practical and sensible","2","practical|pragmatic|sensible","True","",""
"reform","improve","v","to improve","2","improve|amend|revise","True","",""
"regardless","anyway","adv","without regard","2","anyway|nevertheless|nonetheless","True","",""
"region","area","n","an area of land","2","area|district|zone","True","",""
"relative","comparative","adj","considered in relation","2","comparative|proportional|conditional","True","",""
"remote","distant","adj","far away","2","distant|faraway|isolated","True","",""
"renew","refresh","v","to make new again","2","refresh|restore|revive","True","",""
"renowned","famous","adj","widely famous","2","famous|celebrated|distinguished","True","",""
"reputation","standing","n","the opinion people have","2","standing|image|prestige","True","",""
"reside","live","v","to live in a place","2","live|dwell|inhabit","True","",""
"resign","quit","v","to give up a job","2","quit|step down|give up","True","",""
"retire","stop work","v","to stop working","2","stop working|withdraw|step down","True","",""
"revenue","income","n","money received","2","income|earnings|receipts","True","",""
"reverse","opposite","n","the opposite","2","opposite|contrary|inverse","True","",""
"revise","edit","v","to edit and improve","2","edit|amend|update","True","",""
"reward","prize","n","something given for good work","2","prize|compensation|bonus","True","",""
"rigorous","thorough","adj","strict and thorough","2","thorough|strict|meticulous","True","",""
"routine","habit","n","a regular way of doing","2","habit|pattern|procedure","True","",""
"ruin","destroy","v","to destroy","2","destroy|wreck|spoil","True","",""
"scarce","rare","adj","in short supply","2","rare|limited|insufficient","True","",""
"scenario","situation","n","a possible situation","2","situation|sequence|plot","True","",""
"schedule","plan","n","a plan of times","2","plan|timetable|agenda","True","",""
"scheme","plan","n","a plan","2","plan|project|strategy","True","",""
"secure","safe","adj","safe and protected","2","safe|protected|stable","True","",""
"seek","look for","v","to look for","2","look for|search for|pursue","True","",""
"segment","part","n","a part","2","part|section|portion","True","",""
"select","choose","v","to choose","2","choose|pick|opt for","True","",""
"sensible","reasonable","adj","showing good sense","2","reasonable|practical|prudent","True","",""
"sequence","order","n","an order of things","2","order|series|succession","True","",""
"simulate","imitate","v","to imitate","2","imitate|replicate|mimic","True","",""
"specify","state","v","to state clearly","2","state|define|detail","True","",""
"sphere","field","n","an area of activity","2","field|domain|area","True","",""
"sponsor","support","v","to support financially","2","support|fund|back","True","",""
"stake","share","n","an interest or share","2","share|interest|involvement","True","",""
"standard","norm","n","a level of quality","2","norm|benchmark|criterion","True","",""
"statement","remark","n","something stated","2","remark|assertion|declaration","True","",""
"status","standing","n","a social or legal position","2","standing|rank|position","True","",""
"strengthen","make stronger","v","to make stronger","2","reinforce|fortify|boost","True","",""
"stress","emphasize","v","to emphasize","2","emphasize|highlight|underline","True","",""
"structure","framework","n","the arrangement of parts","2","framework|arrangement|organization","True","",""
"struggle","effort","n","a hard effort","2","effort|battle|fight","True","",""
"subtle","delicate","adj","delicate and hard to notice","2","delicate|faint|slight","True","",""
"sum","total","n","the total amount","2","total|amount|whole","True","",""
"supplement","addition","n","an addition","2","addition|extra|complement","True","",""
"supply","provide","v","to provide","2","provide|furnish|give","True","",""
"supreme","highest","adj","highest in rank","2","highest|ultimate|paramount","True","",""
"survey","study","n","a study of opinion","2","study|poll|review","True","",""
"sustain","support","v","to support or maintain","2","support|maintain|uphold","True","",""
"symbol","sign","n","a sign representing something","2","sign|emblem|mark","True","",""
"sympathy","compassion","n","compassion for someone","2","compassion|pity|concern","True","",""
"systematic","methodical","adj","done in an orderly way","2","methodical|organized|orderly","True","",""
"tactic","strategy","n","a method of action","2","strategy|method|approach","True","",""
"target","goal","n","a goal","2","goal|aim|objective","True","",""
"technique","method","n","a method or skill","2","method|skill|approach","True","",""
"temporary","short-term","adj","lasting a short time","2","short-term|passing|momentary","True","",""
"tend","be inclined","v","to be likely to","2","be inclined|lean|gravitate","True","",""
"tension","strain","n","mental strain","2","strain|pressure|stress","True","",""
"terminal","final","adj","at the end","2","final|last|concluding","True","",""
"territory","land","n","an area of land","2","land|region|area","True","",""
"theme","topic","n","a main topic","2","topic|subject|motif","True","",""
"thereby","by that means","adv","as a result","2","consequently|thus|by that means","True","",""
"threshold","limit","n","the starting point","2","limit|boundary|brink","True","",""
"trace","track","v","to find by following signs","2","track|follow|trail","True","",""
"tradition","custom","n","a long-established custom","2","custom|heritage|convention","True","",""
"transfer","move","v","to move from one place","2","move|shift|convey","True","",""
"trend","tendency","n","a general direction","2","tendency|direction|movement","True","",""
"trigger","cause","v","to cause","2","cause|spark|set off","True","",""
"ultimate","final","adj","final or best","2","final|eventual|supreme","True","",""
"uniform","consistent","adj","the same throughout","2","consistent|even|constant","True","",""
"unity","togetherness","n","being united","2","togetherness|solidarity|harmony","True","",""
"update","revise","v","to bring up to date","2","revise|renew|modernize","True","",""
"vary","change","v","to change or differ","2","change|differ|fluctuate","True","",""
"venture","enterprise","n","a risky enterprise","2","enterprise|undertaking|project","True","",""
"via","by way of","prep","by way of","2","through|by way of|by means of","True","",""
"virtually","almost","adv","almost entirely","2","almost|practically|nearly","True","",""
"welfare","well-being","n","well-being","2","well-being|health|prosperity","True","",""
"whereas","while","conj","while on the other hand","2","while|although|whilst","True","",""
"abandon","leave behind","v","to leave behind","3","forsake|desert|relinquish","True","",""
"aberrant","abnormal","adj","different from the norm","3","abnormal|deviant|atypical","True","",""
"abode","home","n","a place of residence","3","home|residence|dwelling","True","",""
"abrasive","harsh","adj","rough or harsh","3","harsh|coarse|grating","True","",""
"accolade","honor","n","an honor or praise","3","honor|tribute|award","True","",""
"accomplice","partner in crime","n","a partner in a crime","3","partner|accessory|conspirator","True","",""
"acerbic","sharp","adj","sharp and bitter","3","sharp|biting|caustic","True","",""
"acrimonious","bitter","adj","bitter and angry","3","bitter|rancorous|hostile","True","",""
"adamant","firm","adj","refusing to change","3","firm|unyielding|resolute","True","",""
"adroit","skillful","adj","skillful and clever","3","skillful|deft|adept","True","",""
"adulation","praise","n","excessive praise","3","praise|flattery|worship","True","",""
"advent","arrival","n","the arrival of something","3","arrival|coming|onset","True","",""
"aesthetic","artistic","adj","relating to beauty","3","artistic|tasteful|beautiful","True","",""
"affluent","wealthy","adj","wealthy","3","wealthy|rich|prosperous","True","",""
"aggrieved","resentful","adj","feeling wronged","3","resentful|wronged|offended","True","",""
"alacrity","eagerness","n","eager willingness","3","eagerness|readiness|willingness","True","",""
"albeit","although","conj","even though","3","although|even though|though","True","",""
"alias","assumed name","n","an assumed name","3","assumed name|pseudonym|nickname","True","",""
"alibi","excuse","n","an excuse","3","excuse|defense|justification","True","",""
"alienate","estrange","v","to make someone unfriendly","3","estrange|isolate|distance","True","",""
"alleged","claimed","adj","claimed without proof","3","claimed|asserted|supposed","True","",""
"allegiance","loyalty","n","loyalty","3","loyalty|devotion|fidelity","True","",""
"allay","calm","v","to calm or reduce","3","calm|soothe|alleviate","True","",""
"allege","claim","v","to claim without proof","3","claim|assert|maintain","True","",""
"allusion","reference","n","an indirect reference","3","reference|hint|suggestion","True","",""
"aloof","distant","adj","emotionally distant","3","distant|detached|reserved","True","",""
"altruism","selflessness","n","unselfish concern for others","3","selflessness|generosity|philanthropy","True","",""
"amass","accumulate","v","to accumulate","3","accumulate|gather|collect","True","",""
"ambivalent","uncertain","adj","having mixed feelings","3","uncertain|undecided|conflicted","True","",""
"ameliorate","improve","v","to make better","3","improve|enhance|remedy","True","",""
"amiable","friendly","adj","friendly and pleasant","3","friendly|pleasant|genial","True","",""
"amicable","friendly","adj","showing goodwill","3","friendly|cordial|peaceful","True","",""
"anecdote","story","n","a short interesting story","3","story|tale|account","True","",""
"annex","attach","v","to add territory","3","attach|add|incorporate","True","",""
"annihilate","destroy","v","to destroy completely","3","destroy|eradicate|wipe out","True","",""
"annotate","comment on","v","to add notes","3","comment on|gloss|note","True","",""
"antipathy","dislike","n","a strong dislike","3","dislike|aversion|hostility","True","",""
"apathetic","uninterested","adj","showing no interest","3","uninterested|indifferent|unconcerned","True","",""
"apex","peak","n","the highest point","3","peak|summit|top","True","",""
"aplomb","composure","n","self-confidence","3","composure|poise|assurance","True","",""
"appall","horrify","v","to horrify","3","horrify|shock|dismay","True","",""
"apparatus","equipment","n","equipment","3","equipment|device|machinery","True","",""
"apposite","appropriate","adj","apt and suitable","3","appropriate|apt|fitting","True","",""
"apprehensive","anxious","adj","anxious about the future","3","anxious|worried|uneasy","True","",""
"apropos","relevant","adj","relevant","3","relevant|pertinent|apt","True","",""
"aptitude","talent","n","a natural ability","3","talent|ability|gift","True","",""
"archaic","ancient","adj","old-fashioned","3","ancient|obsolete|outdated","True","",""
"archetype","model","n","an original model","3","model|prototype|exemplar","True","",""
"arrogant","proud","adj","having too much pride","3","proud|haughty|conceited","True","",""
"artifice","trick","n","a clever trick","3","trick|deception|cunning","True","",""
"ascetic","austere","adj","practicing strict self-denial","3","austere|strict|self-denying","True","",""
"assuage","soothe","v","to make less severe","3","soothe|relieve|ease","True","",""
"atrophy","weaken","v","to waste away","3","waste away|deteriorate|decline","True","",""
"attest","confirm","v","to confirm","3","confirm|testify|certify","True","",""
"auspicious","favorable","adj","favorable and promising","3","favorable|promising|propitious","True","",""
"autonomous","self-governing","adj","self-governing","3","self-governing|independent|self-ruling","True","",""
"auxiliary","supplementary","adj","giving extra help","3","supplementary|additional|backup","True","",""
"avarice","greed","n","extreme greed","3","greed|covetousness|cupidity","True","",""
"avowed","declared","adj","openly declared","3","declared|admitted|confessed","True","",""
"baleful","menacing","adj","threatening harm","3","menacing|threatening|sinister","True","",""
"banal","trite","adj","dull and ordinary","3","trite|commonplace|dull","True","",""
"bane","curse","n","a cause of harm","3","curse|scourge|plague","True","",""
"barrage","stream","n","a heavy stream","3","stream|onslaught|volley","True","",""
"belligerent","hostile","adj","aggressive and hostile","3","hostile|aggressive|combative","True","",""
"benign","harmless","adj","kind and harmless","3","harmless|gentle|kind","True","",""
"besiege","surround","v","to surround and attack","3","surround|blockade|overwhelm","True","",""
"bicker","quarrel","v","to argue about small things","3","quarrel|squabble|wrangle","True","",""
"bizarre","strange","adj","very strange","3","strange|weird|outlandish","True","",""
"blight","ruin","v","to spoil or ruin","3","ruin|spoil|devastate","True","",""
"boisterous","noisy","adj","loud and lively","3","noisy|rowdy|lively","True","",""
"bombastic","pompous","adj","grand and pompous","3","pompous|grandiloquent|inflated","True","",""
"boon","blessing","n","a benefit","3","blessing|benefit|advantage","True","",""
"brazen","bold","adj","bold and shameless","3","bold|shameless|impudent","True","",""
"brusque","abrupt","adj","abrupt and unfriendly","3","abrupt|curt|blunt","True","",""
"bureaucracy","red tape","n","complicated administration","3","red tape|administration|officialdom","True","",""
"burnish","polish","v","to polish","3","polish|shine|brighten","True","",""
"cajole","coax","v","to persuade by flattery","3","coax|persuade|wheedle","True","",""
"capricious","unpredictable","adj","changing suddenly","3","unpredictable|fickle|whimsical","True","",""
"castigate","criticize","v","to criticize severely","3","criticize|scold|reprimand","True","",""
"categorical","absolute","adj","absolute and unconditional","3","absolute|unqualified|unconditional","True","",""
"caustic","biting","adj","bitter and sarcastic","3","biting|sarcastic|cutting","True","",""
"cavalier","dismissive","adj","showing careless disregard","3","dismissive|offhand|careless","True","",""
"cerebral","intellectual","adj","intellectual","3","intellectual|analytical|rational","True","",""
"chaos","disorder","n","complete disorder","3","disorder|confusion|mayhem","True","",""
"chasm","gap","n","a deep gap","3","gap|gorge|rift","True","",""
"chastise","scold","v","to scold","3","scold|rebuke|berate","True","",""
"chicanery","deception","n","deception","3","deception|trickery|fraud","True","",""
"chide","scold","v","to scold gently","3","scold|reproach|rebuke","True","",""
"circuitous","roundabout","adj","indirect","3","roundabout|indirect|meandering","True","",""
"circumspect","cautious","adj","cautious and careful","3","cautious|prudent|wary","True","",""
"cling","hold on","v","to hold tightly","3","hold on|clutch|grasp","True","",""
"coalesce","merge","v","to come together","3","merge|unite|fuse","True","",""
"coercion","force","n","use of force","3","force|compulsion|pressure","True","",""
"cognizant","aware","adj","aware","3","aware|mindful|conscious","True","",""
"colloquial","informal","adj","informal","3","informal|conversational|casual","True","",""
"colossal","huge","adj","extremely large","3","huge|gigantic|massive","True","",""
"combustible","flammable","adj","able to burn","3","flammable|burnable|ignitable","True","",""
"comely","attractive","adj","pleasing to look at","3","attractive|good-looking|pleasing","True","",""
"commiserate","sympathize","v","to express sympathy","3","sympathize|console|comfort","True","",""
"compact","concise","adj","brief and to the point","3","concise|brief|condensed","True","",""
"compassion","empathy","n","concern for suffering","3","empathy|sympathy|kindness","True","",""
"compelling","convincing","adj","strongly convincing","3","convincing|persuasive|gripping","True","",""
"compulsory","required","adj","required","3","required|mandatory|obligatory","True","",""
"conciliate","pacify","v","to win over","3","pacify|appease|reconcile","True","",""
"conclusive","decisive","adj","decisive","3","decisive|definitive|final","True","",""
"condemn","criticize","v","to strongly disapprove","3","criticize|denounce|censure","True","",""
"confidant","trusted friend","n","a trusted friend","3","trusted friend|intimate|close friend","True","",""
"conflagration","fire","n","a large fire","3","fire|blaze|inferno","True","",""
"congeal","solidify","v","to become solid","3","solidify|set|thicken","True","",""
"consecrate","dedicate","v","to dedicate","3","dedicate|devote|sanctify","True","",""
"consequential","important","adj","important","3","important|significant|weighty","True","",""
"conserve","preserve","v","to protect from loss","3","preserve|protect|save","True","",""
"considerable","substantial","adj","large in amount","3","substantial|significant|sizable","True","",""
"console","comfort","v","to comfort","3","comfort|solace|soothe","True","",""
"conspicuous","obvious","adj","easily noticed","3","obvious|prominent|noticeable","True","",""
"consternation","dismay","n","shock and dismay","3","dismay|alarm|confusion","True","",""
"consummate","perfect","adj","complete and perfect","3","perfect|accomplished|complete","True","",""
"contempt","scorn","n","scorn","3","scorn|disdain|disrespect","True","",""
"contentment","satisfaction","n","satisfaction","3","satisfaction|happiness|peace","True","",""
"contrite","remorseful","adj","feeling regret","3","remorseful|sorry|repentant","True","",""
"conundrum","puzzle","n","a confusing problem","3","puzzle|riddle|mystery","True","",""
"convivial","sociable","adj","friendly and lively","3","sociable|jovial|festive","True","",""
"convoluted","complicated","adj","extremely complicated","3","complicated|intricate|tangled","True","",""
"cordial","warm","adj","warm and friendly","3","warm|friendly|hearty","True","",""
"corpulent","obese","adj","very overweight","3","obese|stout|portly","True","",""
"cosmopolitan","worldly","adj","sophisticated and worldly","3","worldly|sophisticated|international","True","",""
"countermand","revoke","v","to revoke","3","revoke|cancel|rescind","True","",""
"coup","takeover","n","a sudden takeover","3","takeover|seizure|overthrow","True","",""
"covenant","agreement","n","a formal agreement","3","agreement|pact|treaty","True","",""
"covert","hidden","adj","hidden","3","hidden|secret|concealed","True","",""
"covet","desire","v","to strongly desire","3","desire|crave|yearn for","True","",""
"credence","belief","n","belief","3","belief|confidence|trust","True","",""
"credible","believable","adj","believable","3","believable|plausible|trustworthy","True","",""
"crux","core","n","the central point","3","core|essence|heart","True","",""
"culminate","end","v","to reach a high point","3","climax|peak|end","True","",""
"cumbersome","unwieldy","adj","awkward and heavy","3","unwieldy|awkward|clumsy","True","",""
"cumulative","growing","adj","increasing by addition","3","growing|accumulating|progressive","True","",""
"cunning","crafty","adj","clever and deceptive","3","crafty|sly|deceitful","True","",""
"curtail","cut short","v","to reduce or cut short","3","reduce|cut short|diminish","True","",""
"cynical","distrustful","adj","distrusting motives","3","distrustful|skeptical|pessimistic","True","",""
"daunting","intimidating","adj","intimidating","3","intimidating|frightening|overwhelming","True","",""
"debunk","disprove","v","to disprove","3","disprove|refute|expose","True","",""
"decadent","indulgent","adj","self-indulgent","3","self-indulgent|extravagant|excessive","True","",""
"decimate","destroy","v","to destroy much of","3","destroy|devastate|wipe out","True","",""
"decipher","decode","v","to decode","3","decode|interpret|figure out","True","",""
"decisive","determined","adj","able to decide firmly","3","determined|resolute|firm","True","",""
"decorum","propriety","n","proper behavior","3","propriety|etiquette|politeness","True","",""
"decrepit","dilapidated","adj","worn out","3","dilapidated|run-down|shabby","True","",""
"defame","slander","v","to damage reputation","3","slander|libel|smear","True","",""
"default","failure","n","a failure to act","3","failure|omission|nonpayment","True","",""
"defiant","disobedient","adj","openly disobedient","3","disobedient|rebellious|insolent","True","",""
"defunct","extinct","adj","no longer existing","3","extinct|dead|obsolete","True","",""
"degenerate","deteriorate","v","to decline","3","decline|deteriorate|decay","True","",""
"deity","god","n","a god","3","god|divinity|godhead","True","",""
"delusion","false belief","n","a false belief","3","false belief|illusion|misconception","True","",""
"demise","death","n","death","3","death|passing|end","True","",""
"demure","modest","adj","shy and modest","3","modest|reserved|prim","True","",""
"deplete","exhaust","v","to use up","3","exhaust|drain|diminish","True","",""
"deplore","condemn","v","to strongly disapprove","3","condemn|regret|lament","True","",""
"depravity","wickedness","n","moral corruption","3","wickedness|corruption|evil","True","",""
"derelict","abandoned","adj","abandoned and in poor state","3","abandoned|neglected|dilapidated","True","",""
"derogatory","insulting","adj","insulting","3","insulting|disparaging|belittling","True","",""
"desecrate","defile","v","to treat with disrespect","3","defile|profane|violate","True","",""
"desolate","deserted","adj","deserted and bleak","3","deserted|barren|bleak","True","",""
"despicable","contemptible","adj","deserving contempt","3","contemptible|detestable|vile","True","",""
"desultory","random","adj","without plan","3","random|haphazard|irregular","True","",""
"devastating","destructive","adj","very destructive","3","destructive|ruinous|catastrophic","True","",""
"devious","deceitful","adj","deceitful","3","deceitful|cunning|underhanded","True","",""
"devoid","empty","adj","completely lacking","3","lacking|empty|bare","True","",""
"devout","religious","adj","deeply religious","3","religious|pious|devoted","True","",""
"dexterous","skillful","adj","skillful with hands","3","skillful|deft|nimble","True","",""
"diabolical","evil","adj","devilishly evil","3","evil|wicked|fiendish","True","",""
"dictate","order","v","to give orders","3","order|command|direct","True","",""
"diligence","hard work","n","careful hard work","3","hard work|industry|perseverance","True","",""
"diminutive","tiny","adj","very small","3","tiny|small|petite","True","",""
"diplomacy","tact","n","skill in handling relations","3","tact|negotiation|statecraft","True","",""
"disclaim","deny","v","to deny","3","deny|renounce|disavow","True","",""
"disconcert","unsettle","v","to unsettle","3","unsettle|disturb|perturb","True","",""
"discord","conflict","n","lack of harmony","3","conflict|disagreement|friction","True","",""
"discretion","judgment","n","careful judgment","3","judgment|prudence|caution","True","",""
"disheveled","messy","adj","untidy","3","untidy|messy|disarranged","True","",""
"dismal","gloomy","adj","gloomy and depressing","3","gloomy|dreary|bleak","True","",""
"dismay","alarm","n","distress and alarm","3","alarm|distress|shock","True","",""
"disparage","belittle","v","to speak of as unimportant","3","belittle|criticize|dismiss","True","",""
"disparate","different","adj","fundamentally different","3","different|contrasting|diverse","True","",""
"dissemble","disguise","v","to hide true feelings","3","disguise|conceal|mask","True","",""
"dissident","rebel","n","a person who disagrees","3","rebel|protester|opponent","True","",""
"dissipate","disappear","v","to disappear gradually","3","disappear|disperse|evaporate","True","",""
"distinguish","tell apart","v","to recognize a difference","3","tell apart|differentiate|discern","True","",""
"distort","twist","v","to twist out of shape","3","twist|deform|misrepresent","True","",""
"distraction","interruption","n","a thing that distracts","3","interruption|diversion|disturbance","True","",""
"divest","strip","v","to strip of","3","strip|deprive|dispossess","True","",""
"docile","obedient","adj","easily managed","3","obedient|compliant|meek","True","",""
"doctrine","belief","n","a set of beliefs","3","belief|principle|tenet","True","",""
"dogmatic","opinionated","adj","stating opinions as fact","3","opinionated|doctrinaire|assertive","True","",""
"dormant","inactive","adj","inactive","3","inactive|latent|sleeping","True","",""
"dour","gloomy","adj","gloomy and stern","3","gloomy|sullen|morose","True","",""
"drab","dull","adj","dull and colorless","3","dull|colorless|dreary","True","",""
"duplicity","deception","n","deception","3","deception|deceit|treachery","True","",""
"dwindle","decline","v","to become smaller","3","decline|shrink|diminish","True","",""
"ebullient","enthusiastic","adj","full of energy","3","enthusiastic|exuberant|lively","True","",""
"efface","erase","v","to erase","3","erase|obliterate|wipe out","True","",""
"efficacy","effectiveness","n","effectiveness","3","effectiveness|potency|efficiency","True","",""
"effusive","enthusiastic","adj","showing strong feeling","3","enthusiastic|gushing|unrestrained","True","",""
"egocentric","self-centered","adj","self-centered","3","self-centered|selfish|narcissistic","True","",""
"egregious","glaring","adj","outstandingly bad","3","glaring|flagrant|blatant","True","",""
"eloquent","fluent","adj","fluent and persuasive","3","fluent|persuasive|articulate","True","",""
"elusive","hard to catch","adj","difficult to find","3","evasive|slippery|hard to pin down","True","",""
"emancipate","free","v","to free","3","free|liberate|release","True","",""
"embellish","decorate","v","to decorate","3","decorate|adorn|ornament","True","",""
"eminent","distinguished","adj","famous and respected","3","distinguished|prominent|notable","True","",""
"emollient","soothing","adj","soothing","3","soothing|softening|calming","True","",""
"empirical","based on evidence","adj","based on observation","3","evidence-based|observational|experimental","True","",""
"enact","make law","v","to make into law","3","legislate|pass|establish","True","",""
"endemic","native","adj","native to a place","3","native|local|indigenous","True","",""
"enervate","weaken","v","to weaken","3","weaken|exhaust|drain","True","",""
"enigmatic","mysterious","adj","mysterious","3","mysterious|puzzling|cryptic","True","",""
"ennui","boredom","n","boredom","3","boredom|listlessness|apathy","True","",""
"enormity","magnitude","n","great scale","3","magnitude|vastness|immensity","True","",""
"enumerate","list","v","to list","3","list|count|itemize","True","",""
"epitome","embodiment","n","a perfect example","3","embodiment|archetype|model","True","",""
"equivocal","ambiguous","adj","ambiguous","3","ambiguous|unclear|uncertain","True","",""
"erudite","learned","adj","scholarly","3","learned|scholarly|knowledgeable","True","",""
"esoteric","obscure","adj","understood by few","3","obscure|arcane|abstruse","True","",""
"esteem","respect","n","respect","3","respect|regard|admiration","True","",""
"estranged","alienated","adj","made hostile","3","alienated|distanced|separated","True","",""
"ethical","moral","adj","moral","3","moral|principled|honorable","True","",""
"eulogy","tribute","n","a speech of praise","3","tribute|panegyric|commendation","True","",""
"evanescent","fleeting","adj","disappearing quickly","3","fleeting|momentary|transient","True","",""
"evasive","elusive","adj","avoiding","3","elusive|indirect|slippery","True","",""
"evoke","summon","v","to bring to mind","3","summon|elicit|conjure","True","",""
"exacerbate","worsen","v","to make worse","3","worsen|aggravate|intensify","True","",""
"exasperate","irritate","v","to irritate greatly","3","irritate|annoy|infuriate","True","",""
"exalt","praise","v","to praise highly","3","praise|glorify|elevate","True","",""
"excavate","dig","v","to dig out","3","dig|unearth|hollow out","True","",""
"exemplary","ideal","adj","serving as an example","3","ideal|model|outstanding","True","",""
"exempt","free","adj","freed from a duty","3","free|immune|excused","True","",""
"exhaustive","thorough","adj","very thorough","3","thorough|complete|comprehensive","True","",""
"exhilarate","invigorate","v","to make excited","3","invigorate|energize|stimulate","True","",""
"exonerate","clear","v","to clear of blame","3","clear|absolve|vindicate","True","",""
"exorbitant","excessive","adj","excessively high","3","excessive|outrageous|extreme","True","",""
"expedite","speed up","v","to speed up","3","speed up|accelerate|hasten","True","",""
"exploit","take advantage","v","to use unfairly","3","take advantage of|misuse|abuse","True","",""
"exquisite","beautiful","adj","extremely beautiful","3","beautiful|delicate|refined","True","",""
"extraneous","irrelevant","adj","not relevant","3","irrelevant|unrelated|superfluous","True","",""
"extravagant","excessive","adj","excessive in spending","3","excessive|lavish|wasteful","True","",""
"extricate","free","v","to free from a difficulty","3","free|release|disentangle","True","",""
"exuberant","lively","adj","full of energy","3","lively|energetic|enthusiastic","True","",""
"fabricated","made up","adj","false and made up","3","made up|false|invented","True","",""
"facade","outward show","n","a false outward appearance","3","show|appearance|front","True","",""
"facile","easy","adj","achieved too easily; lacking depth","3","easy|effortless|superficial","True","audit: aligned definition with synonyms",""
"faction","group","n","a small group","3","group|clique|camp","True","",""
"falter","hesitate","v","to lose strength","3","hesitate|waver|stumble","True","",""
"fanatic","extremist","n","an extreme supporter","3","extremist|zealot|devotee","True","",""
"fastidious","meticulous","adj","very careful","3","meticulous|particular|exacting","True","",""
"fathom","understand","v","to understand deeply","3","understand|comprehend|grasp","True","",""
"fatuous","foolish","adj","silly and foolish","3","foolish|silly|inane","True","",""
"fecund","fertile","adj","productive","3","fertile|fruitful|productive","True","",""
"feign","pretend","v","to pretend","3","pretend|simulate|fake","True","",""
"fervor","passion","n","intense feeling","3","passion|ardor|zeal","True","",""
"fickle","changeable","adj","changeable","3","changeable|capricious|inconstant","True","",""
"fidelity","loyalty","n","loyalty","3","loyalty|faithfulness|devotion","True","",""
"finesse","skill","n","delicate skill","3","skill|tact|subtlety","True","",""
"flagrant","blatant","adj","obvious and offensive","3","blatant|glaring|scandalous","True","",""
"flamboyant","showy","adj","showy","3","showy|flashy|ostentatious","True","",""
"flaunt","show off","v","to display proudly","3","show off|display|parade","True","",""
"flimsy","weak","adj","weak and thin","3","weak|fragile|insubstantial","True","",""
"flippant","disrespectful","adj","not serious","3","disrespectful|glib|facetious","True","",""
"florid","ornate","adj","heavily decorated","3","ornate|flowery|elaborate","True","",""
"flummox","confuse","v","to confuse","3","confuse|bewilder|baffle","True","",""
"foible","weakness","n","a minor weakness","3","weakness|quirk|flaw","True","",""
"foliage","leaves","n","plant leaves","3","leaves|greenery|vegetation","True","",""
"forbearance","patience","n","patient restraint","3","patience|restraint|tolerance","True","",""
"formidable","impressive","adj","inspiring fear or respect","3","impressive|daunting|intimidating","True","",""
"forsake","abandon","v","to abandon","3","abandon|desert|renounce","True","",""
"fortitude","courage","n","courage","3","courage|endurance|bravery","True","",""
"fortuitous","lucky","adj","happening by luck","3","lucky|fortunate|chance","True","",""
"fractious","irritable","adj","irritable","3","irritable|grumpy|peevish","True","",""
"frantic","panicked","adj","panicked","3","panicked|frenzied|desperate","True","",""
"fraught","anxious","adj","filled with anxiety","3","anxious|worried|tense","True","",""
"frenetic","frantic","adj","fast and chaotic","3","frantic|hectic|feverish","True","",""
"frivolous","trivial","adj","not serious","3","trivial|silly|petty","True","",""
"frugal","economical","adj","careful with money","3","economical|thrifty|sparing","True","",""
"furtive","secretive","adj","secretive","3","secretive|stealthy|sneaky","True","",""
"futile","useless","adj","producing no result","3","useless|pointless|fruitless","True","",""
"garrulous","talkative","adj","very talkative","3","talkative|loquacious|chatty","True","",""
"gauche","awkward","adj","socially awkward","3","awkward|clumsy|tactless","True","",""
"genial","friendly","adj","friendly and cheerful","3","friendly|cheerful|cordial","True","",""
"genteel","refined","adj","refined and polite","3","refined|polite|cultivated","True","",""
"gist","essence","n","the main point","3","essence|core|substance","True","",""
"glib","fluent","adj","fluent but insincere","3","fluent|smooth|superficial","True","",""
"grandiose","impressive","adj","grand and impressive","3","impressive|grand|magnificent","True","",""
"gratis","free","adj","free of charge","3","free|complimentary|costless","True","",""
"gratuitous","unjustified","adj","uncalled for","3","unjustified|needless|unwarranted","True","",""
"gregarious","sociable","adj","sociable","3","sociable|outgoing|friendly","True","",""
"guile","cunning","n","cunning","3","cunning|deceit|slyness","True","",""
"gullible","naive","adj","easily fooled","3","naive|credulous|trusting","True","",""
"hackneyed","trite","adj","overused","3","trite|clichéd|stale","True","",""
"haggard","exhausted","adj","looking exhausted","3","exhausted|drawn|gaunt","True","",""
"halcyon","peaceful","adj","calm and peaceful","3","peaceful|tranquil|serene","True","",""
"hapless","unlucky","adj","unlucky","3","unlucky|unfortunate|luckless","True","",""
"haughty","arrogant","adj","arrogant","3","arrogant|proud|conceited","True","",""
"heed","attention","n","careful attention","3","attention|notice|regard","True","",""
"heinous","atrocious","adj","utterly wicked","3","atrocious|abominable|monstrous","True","",""
"hiatus","break","n","a pause","3","break|gap|interruption","True","",""
"hilarity","amusement","n","great amusement","3","amusement|merriment|laughter","True","",""
"histrionic","theatrical","adj","overly dramatic","3","theatrical|melodramatic|exaggerated","True","",""
"hoard","store","v","to store up","3","store|stockpile|amass","True","",""
"homage","tribute","n","tribute","3","tribute|honor|respect","True","",""
"hone","sharpen","v","to sharpen or improve","3","sharpen|refine|perfect","True","",""
"hubris","pride","n","excessive pride","3","pride|arrogance|overconfidence","True","",""
"humane","compassionate","adj","compassionate","3","compassionate|kind|merciful","True","",""
"humility","modesty","n","modesty","3","modesty|humbleness|unpretentiousness","True","",""
"hyperbole","exaggeration","n","exaggeration","3","exaggeration|overstatement|embellishment","True","",""
"iconoclast","rebel","n","a person who challenges","3","rebel|nonconformist|dissenter","True","",""
"ideology","belief system","n","a system of beliefs","3","belief system|doctrine|philosophy","True","",""
"idyllic","peaceful","adj","extremely pleasant","3","peaceful|picturesque|serene","True","",""
"ignoble","dishonorable","adj","dishonorable","3","dishonorable|base|shameful","True","",""
"immaculate","spotless","adj","perfectly clean","3","spotless|flawless|pristine","True","",""
"impartial","fair","adj","fair and unbiased","3","fair|neutral|unbiased","True","",""
"impeccable","flawless","adj","without fault","3","flawless|perfect|faultless","True","",""
"impervious","resistant","adj","not affected","3","resistant|unaffected|immune","True","",""
"implausible","unlikely","adj","not believable","3","unlikely|improbable|unbelievable","True","",""
"impotent","powerless","adj","powerless","3","powerless|helpless|ineffective","True","",""
"imprudent","unwise","adj","not wise","3","unwise|reckless|careless","True","",""
"inane","silly","adj","senseless","3","silly|foolish|pointless","True","",""
"inadvertent","unintentional","adj","unintentional","3","unintentional|accidental|careless","True","",""
"incisive","sharp","adj","clear and direct","3","sharp|penetrating|acute","True","",""
"incite","provoke","v","to stir up","3","provoke|encourage|instigate","True","",""
"incline","tend","v","to tend","3","tend|lean|be disposed","True","",""
"incoherent","unclear","adj","not clear","3","unclear|disjointed|confused","True","",""
"incomparable","unequaled","adj","without equal","3","unequaled|unmatched|supreme","True","",""
"inconsequential","unimportant","adj","unimportant","3","unimportant|trivial|insignificant","True","",""
"incorrigible","unchangeable","adj","impossible to correct","3","unrepentant|incurable|hopeless","True","",""
"incredulous","skeptical","adj","unwilling to believe","3","skeptical|doubtful|disbelieving","True","",""
"incumbent","current","adj","currently holding office","3","current|present|in office","True","",""
"incur","bring on","v","to bring upon oneself","3","bring on|sustain|acquire","True","",""
"indefatigable","tireless","adj","untiring","3","tireless|untiring|relentless","True","",""
"indigenous","native","adj","native","3","native|original|local","True","",""
"indignant","angry","adj","angry at injustice","3","angry|resentful|affronted","True","",""
"inept","clumsy","adj","lacking skill","3","clumsy|unskillful|incompetent","True","",""
"inexorable","unstoppable","adj","impossible to stop","3","unstoppable|relentless|unyielding","True","",""
"infamous","notorious","adj","famous for bad reasons","3","notorious|disreputable|ill-famed","True","",""
"infatuated","obsessed","adj","strongly attracted","3","obsessed|smitten|captivated","True","",""
"infiltrate","enter secretly","v","to enter secretly","3","penetrate|intrude|slip into","True","",""
"infirm","weak","adj","weak and frail","3","frail|feeble|ailing","True","",""
"ingenious","clever","adj","clever and original","3","clever|inventive|resourceful","True","",""
"inherent","intrinsic","adj","built-in","3","intrinsic|innate|essential","True","",""
"inhibit","restrain","v","to restrain","3","restrain|curb|hinder","True","",""
"inimical","hostile","adj","hostile","3","hostile|unfriendly|adverse","True","",""
"injunction","order","n","an official order","3","order|mandate|directive","True","",""
"innate","inborn","adj","inborn","3","inborn|natural|inherent","True","",""
"innocuous","harmless","adj","harmless","3","harmless|benign|inoffensive","True","",""
"insatiable","greedy","adj","never satisfied","3","greedy|voracious|unquenchable","True","",""
"insidious","subtle","adj","subtle and dangerous","3","subtle|treacherous|stealthy","True","",""
"insinuate","hint","v","to hint","3","hint|imply|suggest","True","",""
"insipid","bland","adj","dull and bland","3","bland|tasteless|dull","True","",""
"insolent","rude","adj","rudely disrespectful","3","rude|disrespectful|impertinent","True","",""
"insular","narrow-minded","adj","narrow-minded","3","narrow-minded|provincial|parochial","True","",""
"intact","whole","adj","unbroken","3","whole|unbroken|undamaged","True","",""
"intangible","not physical","adj","not touchable","3","abstract|immaterial|imperceptible","True","",""
"integral","essential","adj","essential","3","essential|necessary|fundamental","True","",""
"intelligible","understandable","adj","understandable","3","understandable|clear|comprehensible","True","",""
"intermittent","on and off","adj","starting and stopping","3","on and off|sporadic|periodic","True","",""
"interminable","endless","adj","endless","3","endless|never-ending|ceaseless","True","",""
"interpose","insert","v","to insert between","3","insert|intervene|place between","True","",""
"intransigent","stubborn","adj","unwilling to change","3","stubborn|uncompromising|obdurate","True","",""
"intrepid","brave","adj","fearless","3","fearless|brave|daring","True","",""
"intrinsic","inherent","adj","belonging naturally","3","inherent|innate|natural","True","",""
"inundate","flood","v","to flood","3","flood|overwhelm|deluge","True","",""
"inure","harden","v","to make used to","3","harden|accustom|habituate","True","",""
"invariable","constant","adj","never changing","3","constant|unchanging|consistent","True","",""
"inveterate","habitual","adj","long-established","3","habitual|entrenched|deep-rooted","True","",""
"invincible","unbeatable","adj","impossible to defeat","3","unbeatable|indomitable|unconquerable","True","",""
"invulnerable","unattackable","adj","cannot be harmed","3","unassailable|immune|protected","True","",""
"irascible","quick-tempered","adj","easily angered","3","quick-tempered|hot-tempered|irritable","True","",""
"irate","angry","adj","very angry","3","angry|furious|enraged","True","",""
"ironic","sarcastic","adj","opposite of what is said","3","sarcastic|mocking|wry","True","",""
"irrational","unreasonable","adj","not reasonable","3","unreasonable|illogical|senseless","True","",""
"irreverent","disrespectful","adj","disrespectful","3","disrespectful|impudent|cheeky","True","",""
"irrevocable","unchangeable","adj","impossible to reverse","3","unchangeable|final|irreversible","True","",""
"itinerant","traveling","adj","traveling","3","traveling|wandering|nomadic","True","",""
"jabber","chatter","v","to talk rapidly","3","chatter|gabble|babble","True","",""
"jaded","weary","adj","tired and bored","3","weary|tired|bored","True","",""
"jargon","specialized language","n","specialized language","3","specialized language|terminology|lingo","True","",""
"jaundiced","prejudiced","adj","prejudiced","3","prejudiced|biased|cynical","True","",""
"jeopardy","danger","n","danger","3","danger|peril|risk","True","",""
"jettison","discard","v","to throw overboard","3","discard|throw out|abandon","True","",""
"jovial","cheerful","adj","cheerful","3","cheerful|merry|jolly","True","",""
"jubilant","joyful","adj","joyful","3","joyful|exultant|triumphant","True","",""
"judicious","wise","adj","showing good judgment","3","wise|sensible|prudent","True","",""
"juncture","point","n","a point in time","3","point|moment|crossroads","True","",""
"juxtapose","place side by side","v","to place close together","3","place side by side|compare|contrast","True","",""
"kindle","ignite","v","to start a fire","3","ignite|light|spark","True","",""
"labyrinth","maze","n","a maze","3","maze|warren|tangle","True","",""
"laconic","brief","adj","using few words","3","brief|terse|concise","True","",""
"lambaste","criticize","v","to criticize harshly","3","criticize|berate|scold","True","",""
"languid","sluggish","adj","slow and relaxed","3","sluggish|listless|slow","True","",""
"lavish","generous","adj","very generous","3","generous|abundant|sumptuous","True","",""
"lethargic","sluggish","adj","lacking energy","3","sluggish|listless|drowsy","True","",""
"levity","lightheartedness","n","lack of seriousness","3","lightheartedness|cheerfulness|humor","True","",""
"limber","flexible","adj","flexible","3","flexible|supple|lithe","True","",""
"limpid","clear","adj","completely clear","3","clear|transparent|lucid","True","",""
"lithe","flexible","adj","bending easily","3","flexible|supple|graceful","True","",""
"lofty","high","adj","very high","3","high|elevated|towering","True","",""
"loquacious","talkative","adj","very talkative","3","talkative|garrulous|verbose","True","",""
"luminous","glowing","adj","bright and glowing","3","glowing|bright|radiant","True","",""
"lurk","hide","v","to wait in hiding","3","hide|skulk|prowl","True","",""
"magnanimous","generous","adj","generous and forgiving","3","generous|forgiving|noble","True","",""
"maim","injure","v","to injure seriously","3","injure|cripple|disable","True","",""
"malevolent","evil","adj","wishing harm","3","evil|malicious|spiteful","True","",""
"malleable","adaptable","adj","easily shaped","3","adaptable|pliable|flexible","True","",""
"mandatory","required","adj","required","3","required|compulsory|obligatory","True","",""
"manifest","obvious","adj","clear and obvious","3","obvious|evident|apparent","True","",""
"mar","spoil","v","to spoil","3","spoil|damage|tarnish","True","",""
"marginal","minor","adj","small and unimportant","3","minor|slight|peripheral","True","",""
"maritime","naval","adj","relating to the sea","3","naval|marine|nautical","True","",""
"marshal","organize","v","to organize","3","organize|arrange|mobilize","True","",""
"maverick","independent","n","an independent thinker","3","independent|nonconformist|individualist","True","",""
"meander","wander","v","to wander","3","wander|wind|roam","True","",""
"mirth","laughter","n","laughter and joy","3","laughter|merriment|joy","True","",""
"modicum","small amount","n","a small amount","3","small amount|little|bit","True","",""
"mollify","soothe","v","to soothe","3","soothe|pacify|appease","True","",""
"mundane","ordinary","adj","ordinary","3","ordinary|everyday|commonplace","True","",""
"munificent","generous","adj","very generous","3","generous|liberal|bountiful","True","",""
"myriad","many","adj","very many","3","many|countless|numerous","True","",""
"nadir","lowest point","n","the lowest point","3","lowest point|bottom|depths","True","",""
"naivety","innocence","n","lack of experience","3","innocence|simplicity|inexperience","True","",""
"nascent","emerging","adj","beginning to develop","3","emerging|beginning|developing","True","",""
"nebulous","vague","adj","unclear","3","vague|unclear|hazy","True","",""
"negligent","careless","adj","careless","3","careless|neglectful|remiss","True","",""
"nemesis","rival","n","a bitter rival","3","rival|adversary|opponent","True","",""
"nefarious","wicked","adj","wicked","3","wicked|evil|villainous","True","",""
"obdurate","stubborn","adj","stubborn","3","stubborn|obstinate|unyielding","True","",""
"oblige","force","v","to require","3","require|compel|obligate","True","",""
"obliterate","destroy","v","to destroy completely","3","destroy|erase|annihilate","True","",""
"oblivious","unaware","adj","unaware","3","unaware|unconscious|heedless","True","",""
"obstinate","stubborn","adj","stubborn","3","stubborn|headstrong|unbending","True","",""
"obtrusive","intrusive","adj","too noticeable","3","intrusive|prominent|pushy","True","",""
"obtuse","dull","adj","slow to understand","3","slow-witted|dull|dense","True","",""
"odious","hateful","adj","hateful","3","hateful|repulsive|detestable","True","",""
"officious","meddlesome","adj","too eager to help","3","meddlesome|interfering|pushy","True","",""
"ominous","threatening","adj","threatening","3","threatening|menacing|foreboding","True","",""
"omnipotent","all-powerful","adj","all-powerful","3","all-powerful|almighty|supreme","True","",""
"omniscient","all-knowing","adj","all-knowing","3","all-knowing|all-seeing|wise","True","",""
"opulent","luxurious","adj","rich and luxurious","3","luxurious|lavish|wealthy","True","",""
"oration","speech","n","a formal speech","3","speech|address|discourse","True","",""
"oscillate","swing","v","to swing back and forth","3","swing|fluctuate|waver","True","",""
"ostensible","apparent","adj","apparent but not real","3","apparent|supposed|alleged","True","",""
"ostentatious","showy","adj","showy","3","showy|pretentious|flashy","True","",""
"pacify","calm","v","to calm","3","calm|soothe|appease","True","",""
"palpable","tangible","adj","able to be felt","3","tangible|noticeable|evident","True","",""
"panacea","cure-all","n","a universal remedy","3","cure-all|remedy|solution","True","",""
"paramount","supreme","adj","most important","3","supreme|foremost|chief","True","",""
"parochial","narrow","adj","narrow-minded","3","narrow-minded|provincial|limited","True","",""
"parsimonious","stingy","adj","very stingy","3","stingy|miserly|frugal","True","",""
"paucity","scarcity","n","scarcity","3","scarcity|lack|shortage","True","",""
"pedantic","fussy","adj","overly focused on details","3","fussy|dogmatic|academic","True","",""
"pedestrian","ordinary","adj","ordinary","3","ordinary|commonplace|uninspired","True","",""
"pejorative","negative","adj","insulting","3","insulting|disparaging|derogatory","True","",""
"penchant","liking","n","a strong liking","3","liking|fondness|inclination","True","",""
"perennial","lasting","adj","lasting for years","3","lasting|enduring|perpetual","True","",""
"perfunctory","hasty","adj","done without care","3","hasty|cursory|careless","True","",""
"perilous","dangerous","adj","dangerous","3","dangerous|hazardous|risky","True","",""
"permeate","spread through","v","to spread through","3","spread through|pervade|saturate","True","",""
"pernicious","harmful","adj","harmful","3","harmful|destructive|damaging","True","",""
"peruse","read","v","to read carefully","3","read|examine|study","True","",""
"pessimistic","gloomy","adj","expecting the worst","3","gloomy|negative|cynical","True","",""
"petty","trivial","adj","of little importance","3","trivial|insignificant|small-minded","True","",""
"philanthropy","charity","n","charitable giving","3","charity|generosity|benevolence","True","",""
"phlegmatic","calm","adj","calm and unemotional","3","calm|unemotional|composed","True","",""
"pique","resentment","n","wounded pride","3","resentment|irritation|umbrage","True","",""
"pithy","concise","adj","brief and forceful","3","concise|terse|succinct","True","",""
"placate","appease","v","to calm","3","appease|pacify|soothe","True","",""
"plaintive","sad","adj","sad and mournful","3","sad|mournful|sorrowful","True","",""
"platitude","cliché","n","a dull remark","3","cliché|commonplace|truism","True","",""
"pliable","flexible","adj","easily bent","3","flexible|supple|adaptable","True","",""
"poignant","moving","adj","deeply moving","3","moving|touching|affecting","True","",""
"ponder","think","v","to think carefully","3","think|contemplate|consider","True","",""
"porous","permeable","adj","allowing liquid through","3","permeable|absorbent|spongy","True","",""
"preamble","introduction","n","an introduction","3","introduction|preface|opening","True","",""
"precarious","unstable","adj","dangerously unstable","3","unstable|insecure|uncertain","True","",""
"preclude","prevent","v","to prevent","3","prevent|rule out|exclude","True","",""
"predecessor","forerunner","n","one who came before","3","forerunner|ancestor|prior holder","True","",""
"predominant","main","adj","most common","3","dominant|prevailing|main","True","",""
"preeminent","leading","adj","standing above others","3","leading|foremost|supreme","True","",""
"premonition","warning","n","a feeling something will happen","3","warning|foreboding|hunch","True","",""
"prescient","foresighted","adj","knowing future","3","foresighted|prophetic|clairvoyant","True","",""
"prestige","status","n","high status","3","status|reputation|standing","True","",""
"presumptuous","overconfident","adj","too confident","3","overconfident|bold|forward","True","",""
"pretext","excuse","n","a false reason","3","excuse|pretense|reason","True","",""
"pristine","unspoiled","adj","in original state","3","unspoiled|untouched|immaculate","True","",""
"privation","hardship","n","lack of basic needs","3","hardship|deprivation|want","True","",""
"proclivity","tendency","n","a natural tendency","3","tendency|inclination|leaning","True","",""
"procrastinate","delay","v","to put off","3","delay|stall|put off","True","",""
"prodigal","wasteful","adj","wasteful","3","wasteful|extravagant|lavish","True","",""
"prodigious","enormous","adj","impressively large","3","enormous|immense|remarkable","True","",""
"profuse","abundant","adj","plentiful","3","abundant|copious|lavish","True","",""
"progenitor","ancestor","n","an ancestor","3","ancestor|forefather|originator","True","",""
"prognosticate","predict","v","to predict","3","predict|forecast|prophesy","True","",""
"propensity","tendency","n","a natural tendency","3","tendency|inclination|bent","True","",""
"propitious","favorable","adj","favorable","3","favorable|auspicious|promising","True","",""
"prosaic","dull","adj","dull and ordinary","3","dull|ordinary|unimaginative","True","",""
"protagonist","main character","n","the main character","3","main character|hero|leading figure","True","",""
"protract","prolong","v","to prolong","3","prolong|extend|draw out","True","",""
"prudent","cautious","adj","careful and sensible","3","cautious|sensible|judicious","True","",""
"punctilious","meticulous","adj","very careful","3","meticulous|precise|scrupulous","True","",""
"pungent","strong-smelling","adj","strong and sharp","3","sharp|strong|piquant","True","",""
"purport","claim","v","to claim","3","claim|profess|allege","True","",""
"pusillanimous","cowardly","adj","cowardly","3","cowardly|timid|faint-hearted","True","",""
"quaint","old-fashioned","adj","old-fashioned and charming","3","old-fashioned|charming|picturesque","True","",""
"quandary","dilemma","n","a difficult situation","3","dilemma|predicament|difficulty","True","",""
"quell","suppress","v","to suppress","3","suppress|calm|subdue","True","",""
"querulous","complaining","adj","complaining","3","complaining|fretful|peevish","True","",""
"quiescent","still","adj","quiet and still","3","still|inactive|dormant","True","",""
"quintessential","typical","adj","the perfect example","3","typical|classic|ideal","True","",""
"quixotic","impractical","adj","idealistic and impractical","3","idealistic|impractical|unrealistic","True","",""
"rabid","fanatical","adj","fanatical","3","fanatical|extreme|zealous","True","",""
"rally","gather","v","to gather support","3","gather|muster|regroup","True","",""
"rancor","bitterness","n","deep bitterness","3","bitterness|resentment|hostility","True","",""
"rash","reckless","adj","hasty and careless","3","reckless|hasty|impetuous","True","",""
"ratify","approve","v","to approve formally","3","approve|confirm|sanction","True","",""
"raze","demolish","v","to destroy completely","3","demolish|level|destroy","True","",""
"reciprocal","mutual","adj","mutual","3","mutual|corresponding|complementary","True","",""
"reclusive","solitary","adj","avoiding people","3","solitary|withdrawn|isolated","True","",""
"rectitude","righteousness","n","moral uprightness","3","uprightness|virtue|integrity","True","",""
"reek","stink","v","to smell bad","3","stink|smell|emanate","True","",""
"regale","entertain","v","to entertain","3","entertain|amuse|delight","True","",""
"relegate","demote","v","to lower in rank","3","demote|downgrade|banish","True","",""
"relent","yield","v","to give in","3","yield|give in|soften","True","",""
"reminiscence","memory","n","a memory","3","memory|recollection|reflection","True","",""
"remiss","negligent","adj","careless","3","negligent|careless|slack","True","",""
"remunerate","pay","v","to pay","3","pay|compensate|reimburse","True","",""
"renounce","give up","v","to give up formally","3","give up|abandon|forswear","True","",""
"repeal","revoke","v","to revoke a law","3","revoke|cancel|rescind","True","",""
"repudiate","reject","v","to reject","3","reject|deny|disown","True","",""
"rescind","cancel","v","to cancel","3","cancel|revoke|annul","True","",""
"resolute","determined","adj","determined","3","determined|steadfast|firm","True","",""
"resonant","echoing","adj","deep and clear","3","echoing|ringing|sonorous","True","",""
"respite","rest","n","a short rest","3","rest|break|pause","True","",""
"restitution","repayment","n","repayment","3","repayment|compensation|amends","True","",""
"retract","take back","v","to take back","3","take back|withdraw|revoke","True","",""
"revile","abuse","v","to abuse","3","abuse|condemn|vilify","True","",""
"rhetoric","speech","n","persuasive language","3","eloquence|oratory|persuasion","True","",""
"righteous","moral","adj","morally right","3","moral|virtuous|upright","True","",""
"rigor","strictness","n","strictness","3","strictness|thoroughness|stringency","True","",""
"rudimentary","basic","adj","basic","3","basic|elementary|primitive","True","",""
"ruminate","ponder","v","to think deeply","3","ponder|contemplate|reflect","True","",""
"rustic","rural","adj","rural","3","rural|country|pastoral","True","",""
"saccharine","overly sweet","adj","excessively sweet","3","overly sweet|sentimental|cloying","True","",""
"sagacious","wise","adj","wise","3","wise|shrewd|astute","True","",""
"salient","important","adj","most noticeable","3","important|prominent|striking","True","",""
"sanctimonious","holier-than-thou","adj","pretending to be virtuous","3","self-righteous|pious|hypocritical","True","",""
"sanguine","optimistic","adj","optimistic","3","optimistic|hopeful|cheerful","True","",""
"sap","weaken","v","to weaken","3","weaken|drain|undermine","True","",""
"sarcastic","mocking","adj","mocking","3","mocking|ironic|satirical","True","",""
"satiate","satisfy","v","to satisfy fully","3","satisfy|sate|fill","True","",""
"scanty","small","adj","barely enough","3","meager|sparse|insufficient","True","",""
"scapegoat","blame taker","n","a person blamed for others","3","fall guy|victim|whipping boy","True","",""
"scathing","harsh","adj","severely critical","3","harsh|biting|caustic","True","",""
"schism","split","n","a division","3","split|division|rift","True","",""
"scintillating","brilliant","adj","brilliant and sparkling","3","brilliant|sparkling|dazzling","True","",""
"scrupulous","careful","adj","very careful","3","careful|conscientious|meticulous","True","",""
"serene","calm","adj","calm and peaceful","3","calm|peaceful|tranquil","True","",""
"servile","submissive","adj","overly obedient","3","submissive|obsequious|fawning","True","",""
"shun","avoid","v","to avoid","3","avoid|spurn|snub","True","",""
"solicitous","attentive","adj","showing care","3","attentive|caring|concerned","True","",""
"solitary","alone","adj","alone","3","alone|lone|isolated","True","",""
"somber","gloomy","adj","gloomy","3","gloomy|dark|mournful","True","",""
"spartan","simple","adj","severely simple","3","simple|austere|frugal","True","",""
"specious","misleading","adj","misleading","3","misleading|false|deceptive","True","",""
"sporadic","occasional","adj","irregular","3","occasional|irregular|intermittent","True","",""
"spurious","false","adj","false","3","false|bogus|fake","True","",""
"squander","waste","v","to waste","3","waste|dissipate|misuse","True","",""
"stagnant","still","adj","not moving","3","still|motionless|stale","True","",""
"staunch","loyal","adj","loyal and firm","3","loyal|steadfast|firm","True","",""
"steadfast","firm","adj","firm and loyal","3","firm|loyal|unwavering","True","",""
"sterile","germ-free","adj","free of germs","3","germ-free|hygienic|barren","True","",""
"stoic","unemotional","adj","unemotional","3","unemotional|impassive|calm","True","",""
"strident","harsh","adj","loud and harsh","3","harsh|loud|shrill","True","",""
"stringent","strict","adj","strict","3","strict|rigorous|severe","True","",""
"subdue","overcome","v","to overcome","3","overcome|restrain|conquer","True","",""
"sublime","magnificent","adj","of great beauty","3","magnificent|splendid|superb","True","",""
"submissive","obedient","adj","obedient","3","obedient|yielding|compliant","True","",""
"subsidiary","secondary","adj","secondary","3","secondary|subordinate|auxiliary","True","",""
"superfluous","extra","adj","more than needed","3","extra|unnecessary|surplus","True","",""
"surfeit","excess","n","an excess","3","excess|surplus|overflow","True","",""
"surmise","guess","v","to guess","3","guess|suppose|conjecture","True","",""
"surmount","overcome","v","to overcome","3","overcome|conquer|triumph over","True","",""
"surreptitious","secret","adj","secret","3","secret|stealthy|covert","True","",""
"susceptible","vulnerable","adj","easily affected","3","vulnerable|prone|sensitive","True","",""
"swindle","cheat","v","to cheat","3","cheat|defraud|deceive","True","",""
"sycophant","flatterer","n","a flatterer","3","flatterer|toady|yes-man","True","",""
"tacit","implied","adj","understood without words","3","implied|unspoken|implicit","True","",""
"taciturn","quiet","adj","habitually quiet","3","quiet|reserved|silent","True","",""
"tantamount","equivalent","adj","equal in effect","3","equivalent|equal|identical","True","",""
"tarnish","spoil","v","to spoil","3","spoil|dull|stain","True","",""
"tedious","boring","adj","boring and long","3","boring|monotonous|dull","True","",""
"temerity","boldness","n","excessive boldness","3","boldness|audacity|recklessness","True","",""
"temper","moderate","v","to moderate","3","moderate|soften|mitigate","True","",""
"tenacious","persistent","adj","holding firmly","3","persistent|determined|stubborn","True","",""
"tepid","lukewarm","adj","barely warm","3","lukewarm|warm|half-hearted","True","",""
"therapeutic","healing","adj","healing","3","healing|curative|restorative","True","",""
"timorous","timid","adj","timid","3","timid|fearful|shy","True","",""
"tirade","outburst","n","a long angry speech","3","outburst|rant|diatribe","True","",""
"torpid","sluggish","adj","sluggish","3","sluggish|inactive|lethargic","True","",""
"torrent","flood","n","a rushing flow","3","flood|deluge|gush","True","",""
"tortuous","twisted","adj","twisting","3","twisted|winding|convoluted","True","",""
"tout","praise","v","to praise publicly","3","praise|promote|recommend","True","",""
"tractable","manageable","adj","easy to manage","3","manageable|obedient|docile","True","",""
"tranquility","calmness","n","calmness","3","calmness|peace|serenity","True","",""
"transgression","offense","n","an offense","3","offense|violation|wrongdoing","True","",""
"transient","brief","adj","lasting a short time","3","brief|temporary|passing","True","",""
"treacherous","dangerous","adj","dangerously deceptive","3","dangerous|deceptive|faithless","True","",""
"trenchant","sharp","adj","sharp and clear","3","sharp|incisive|forceful","True","",""
"trepidation","fear","n","fear","3","fear|anxiety|apprehension","True","",""
"trite","clichéd","adj","overused","3","clichéd|hackneyed|stale","True","",""
"truculent","aggressive","adj","aggressively defiant","3","aggressive|belligerent|pugnacious","True","",""
"turbid","cloudy","adj","cloudy","3","cloudy|murky|muddy","True","",""
"ulterior","hidden","adj","hidden","3","hidden|secret|undisclosed","True","",""
"umbrage","offense","n","offense","3","offense|resentment|indignation","True","",""
"unassuming","modest","adj","modest","3","modest|humble|low-key","True","",""
"unequivocal","clear","adj","clear and certain","3","clear|unambiguous|definite","True","",""
"unparalleled","unequaled","adj","without equal","3","unequaled|unmatched|unique","True","",""
"unravel","solve","v","to solve","3","solve|disentangle|untangle","True","",""
"unremitting","constant","adj","never stopping","3","constant|relentless|ceaseless","True","",""
"upbraid","scold","v","to scold","3","scold|reproach|criticize","True","",""
"urbane","refined","adj","refined","3","refined|polished|sophisticated","True","",""
"usurp","seize","v","to take power illegally","3","seize|take over|commandeer","True","",""
"vacillate","waver","v","to waver","3","waver|hesitate|fluctuate","True","",""
"vacuous","empty","adj","empty of meaning","3","empty|hollow|mindless","True","",""
"vagary","whim","n","an unpredictable change","3","whim|caprice|quirk","True","",""
"valiant","brave","adj","brave","3","brave|courageous|heroic","True","",""
"vanquish","defeat","v","to defeat","3","defeat|conquer|overcome","True","",""
"vapid","dull","adj","dull","3","dull|insipid|bland","True","",""
"vehement","intense","adj","intense","3","intense|forceful|passionate","True","",""
"venal","corrupt","adj","corrupt","3","corrupt|bribable|mercenary","True","",""
"venerable","respected","adj","deserving respect","3","respected|esteemed|revered","True","",""
"verbose","wordy","adj","using too many words","3","wordy|long-winded|prolix","True","",""
"veritable","true","adj","rightly so-called","3","true|genuine|actual","True","",""
"vestige","trace","n","a trace","3","trace|remnant|evidence","True","",""
"viable","workable","adj","workable","3","workable|feasible|practicable","True","",""
"vicarious","secondhand","adj","experienced through others","3","secondhand|indirect|empathetic","True","",""
"vigilant","watchful","adj","watchful","3","watchful|alert|attentive","True","",""
"vilify","defame","v","to speak ill of","3","defame|denigrate|disparage","True","",""
"virtuoso","expert","n","a highly skilled person","3","expert|master|genius","True","",""
"virulent","harmful","adj","strongly harmful","3","harmful|poisonous|malicious","True","",""
"visceral","instinctive","adj","instinctive","3","instinctive|gut-level|intuitive","True","",""
"vitiate","spoil","v","to spoil","3","spoil|impair|weaken","True","",""
"vituperative","abusive","adj","bitterly abusive","3","abusive|insulting|scathing","True","",""
"vivacious","lively","adj","lively","3","lively|animated|spirited","True","",""
"voluminous","large","adj","large and extensive","3","large|bulky|extensive","True","",""
"voracious","greedy","adj","eager and greedy","3","greedy|insatiable|ravenous","True","",""
"wanton","reckless","adj","reckless and cruel","3","reckless|cruel|senseless","True","",""
"wary","cautious","adj","cautious","3","cautious|watchful|careful","True","",""
"wily","cunning","adj","cunning","3","cunning|crafty|sly","True","",""
"wither","shrivel","v","to dry up","3","shrivel|fade|decline","True","",""
"wrought","made","adj","made","3","made|shaped|formed","True","",""
"zeal","enthusiasm","n","great enthusiasm","3","enthusiasm|passion|fervor","True","",""
"zealous","enthusiastic","adj","passionate","3","passionate|fervent|ardent","True","",""
"zenith","peak","n","the highest point","3","peak|summit|apex","True","",""
